id,ref_pengajuan_kerjasama,ref_mitra,ref_pic_mitra,ref_penandatangan_mitra,nomor_dokumen_mitra,jabatan_pic_mitra,jabatan_penandatangan_mitra
8e767a64,0857f568,3945ddae,,,1263/I.1C09/DN/2012,,
e611eba2,8f3a6a08,f52370d0,,,42/UN10/DN/2016,,
ee70d5dc,908f0bf8,1eba2efe,,,31/MOU.PL29/XII/2014,,
99105166,368d8046,56250757,,,07/PL26.R/MOU/XII/2014,,
49a17770,98b2d8b1,6f5770bf,,,641/UN22/DN/2014,,
c2ff42ca,957d8fff,443bf73f,,,800/241/SMKN1/2014,,
36cf5e10,8c784806,f29cbbe2,,,Sti.22/PP.00.9/454/2015,,
b0eb9620,4690f571,9fc1d8f5,,,393/PL15/KS/2016,,
ed35aa5c,6df4e8fb,578bb7de,,,070/PL22/KS/2016,,
79774ba0,ceb28dda,6f5770bf,,,,,
a35a5c40,ceb28dda,47131ba8,ab3614e4,,,,
7f9759da,9a07f003,5d755c11,,,,,
12e464f4,3ae6cdb7,61db476b,,,,,
633ae507,3a0b2f1a,743eea05,,,,,
eb03e440,db7b8591,743eea05,,,,,
af8b7c6c,e18498df,47131ba8,,,,,
8bcf6bf2,f24e69b2,bbd3d7b0,,,B396/SUPM/DL.210/VI/2011,,
71cd1b06,069a9e60,4dac8eae,,,,,
91110d93,4e08cdd6,4113adfe,,,,,
,,,,,,,
a12b97be,2831caca,65f47e1a,,,,,
22760e8a,97197fab,30bc4bd5,,,,,
078da641,38062a12,8a502050,,,,,
9494fa66,e027f5d8,95c4aa17,,,,,
38e8af86,0a655a60,32ce5dd5,,,07/SPIA/Kh/2016,,
4dc68427,05f1396b,7f0f7aa8,,,02/LPJK/P/KB/I/2014,,
e9a9906f,037cc68b,8ceb5db5,,,41032/I/BPMPTS/2015,,
9c60632f,3e8521c1,0d98f993,,,074//07/Disdik,,
7935bf34,e7436e1e,5c67e145,,,01/2014,,
979d5636,9dca5a37,8b9cd083,,,050/8/BAPPEDA-KKU/2013,,
3545535f,0f1c6cc2,940f207a,,,B-03/Q.1.10/GS.1/03/2014,,
bfe4755c,16d3a8e6,c3b369ba,,,34/srt/skynet/2013,,
09d0acfc,607a5d2a,ffed5319,,,0619/PTK-V/KC/2014,,
47935da8,32dec155,d9f9696d,,,Tel161/HK810/DTT-HD2200000/2014,,
9804b650,6c8874c1,b090c69d,,,01/2014,,
54c0b541,2674428b,93f898e7,,,01/2014,,
2b6c2b09,4a0cbe33,c43b34ce,,,364/PKS-UNIV-LGL/AAJI/XI/2016,,
927441d8,89ad8c3c,076ac1c7,,,002/MOU/BKM/2014,,
9792bad0,52a508c6,bf2cc288,,,550/122/DISHUBKOMINFO-SEKRT,,
7c206bd4,1b67448d,0f7cd0e4,,,792,,
9441d12f,3c4d433e,71a17ad1,,,PKS.358/LG.05/AR.004/V/2015,,
c527f347,7cbeb70a,bc786e76,,,041.3/723/IDK.Set-A,,
085d6bae,060ada57,e4d8331e,,,421.4/2494/Set.A,,
48e4c94c,37d83a5a,4b3bcc5f,,,SKW/2/56526,,
57900224,05275f79,5f8eb936,,,138/56/SSA.UM/XII/2013,,
73de538b,5c1899b3,3ef8f93e,,,181/4/KESRA/2015,,
a3236a15,28da42aa,ab0eb5f8,,,421.4/162/bappeda/ps-b,,
71301bfe,2ee7af0c,ab0eb5f8,,,421.4/173/bappeda/ps,,
81d46495,49f4878e,b56e20ac,,,PKS.88/V-SET/2015,,
bfbb2935,6951afa5,b7d34162,,,DIR/PKS-PEM/83.A/2014,,
83a524d8,7d1add9b,b7d34162,,,DIR/PKS-UMM/104/2014,,
d6367462,810dd185,ab0eb5f8,,,421.4/168/bappeda/ps,,
6ae9109b,ee9bfa28,3ef8f93e,,,143.b/KESRA-C/2015,,
a7265e7b,a815b69b,d595beb0,,,082/GA/PBC/PTK/X/2014,,
f10b2e04,3b6e95a1,791509a0,,,119/0891/PDE/2015,,
3b467b9c,9127a9e5,7451b02c,,,660.1/161.a/KLH/P2K,,
0add1e00,7a9029fd,df8a288e,,,,,
9a90742b,8bc62ff6,e8b515cc,,,,,
6a4b2e1b,4209e2a0,7627db41,,,,,
a4a12f82,ce7b7ca0,7627db41,,,,,
f4252a8e,c6876317,a32b9d38,,,,,
23fa4b42,96249aa6,c2045b0d,,,18/28/Ptk/P/B,,
e7730e0b,3d446b10,28aad8c9,,,052/MOU/IAI-JB/XII/2015,,
cc157adf,3e14fcf1,a6c7402b,,,019/NK-IAPI/XII/2015,,
24fe255e,a0b4be6d,a6c7402b,,,002/SPK.TC/POLNEP/IAPI/XII/2015,,
79c3f6b3,dc6cd538,ab0eb5f8,,,421.4/1064/Baooeda/PS-A,,
53bfbc93,d82b6380,2429d6e1,,,01/IRG/KB/2013,,
48355b7a,0f0b722c,8ca859ca,,,00306/BEI.HKM/09-2016,,
7188a6a9,0f0b722c,aa34672f,,,BPS-Dir/VIII/2016/190,,
1d3c396d,6268194e,f0d1dc98,,,08/8A/IX/2016,,
4ce1950f,7a4ba558,fd363d5f,,,26/PK/EKON-Bappeda,,
b3fed425,7a4ba558,5d79d7ec,,,690/HM.320/B/09/2014,,
f8725d1f,7a4ba558,7d5d2675,,,224/IUBTT/9/2014,,
8220d377,7a4ba558,4771b6f0,,,3923/IT3.6/DN/2014,,
f70e25ef,a6be1a7d,427270fc,,,,,
91e805f9,9d774feb,ad4765cd,,,415.4.42/2454/Umum-A,,
2a45213c,6167Dec3,68411442,,,539/2455/EK-B,,
1c401232,8a28e5a8,82680f9b,,,050/17458.1/0-kes/prc/2016,,
25ce8dbf,acabfbe3,c43b34ce,,,028/PKS-UNI-LGL/AAJI/XII/2017,,
17a064cf,1c079113,23edc1e0,,,,,
f9d12da0,aa1f6dbc,bcbfa12c,,,,,
d1d6762c,0ddb7700,1453e4a2,,,,,
646fcd5a,bd034d71,8f6cb983,,,,,
ee5f739b,4dc0a29d,4a7cfeca,,,,,
253bd422,7908ccdf,82c4516a,,,18/PL3/DN/X/2017,,
2e8a86e3,664644de,4a140f10,,,050-BRISPNKGustiSulung/03-2017,,
b6c0b257,31190578,006f1bb8,,,19/1195-3/025,,
799df406,1323d12c,ee558f08,,,028/3453/BPKAD-D,,
8d97cc97,ec916920,5e7a3ad0,,,,,
a91a9ab3,0469ce43,4a7cfeca,,,,,
7c4587b1,93e4eaf7,c6e53f66,,,,,
49d1355a,7b3298be,587109a7,,,,,
095d74b8,4d48afd3,a230cb88,,,,,
9ae20479,a26a01e0,c6e53f66,,,,,
37cf883a,7fc85d41,aae43369,,,,,
e12bda67,6c2f6e37,a93d8d65,,,002/STIESIAP/KS/2018,,
1aac5a94,3135d367,91146e8f,,,002/STBA-PTK/KS/2018,,
d65791a3,4ed337d1,b4949465,,,002/ASMI-PTK/KS/2017,,
77acb3a0,6fb8eb45,989b0b05,,,KEP-43/WPJ.13/2017,,
151710ad,ec4a3ec8,46ee0b60,,,074/75/DPUSDA/JK-B/2017,,
fe468748,741775a2,88073994,,,,,
5fdddc57,927039ad,757d075c,,,HM.04.02-Bp/294,,
0c477d9b,df84bdda,ee23f76c,,,HM.04.02-Bp.3/095,,
d7aac8c3,886901c5,4a140f10,,,051-BRISPNKGustiSulung/03/2017,,
88953d96,e700b1a4,4a140f10,,,B. 049 -FUN/PNKGustiSulung/03/2017,,
9507efbf,cbe5bae5,128caaad,,,009/PKS-S/PM/V2017,,
1229162c,a43a9881,54a8b558,350ae11f,,011/HC-ICA/SKP/IV/2017,,
34cafb36,b89bf553,1147018f,,,001/MOU/UPI Y.A.I/IV/2017,,
04238c48,20992ec9,4c64f6cf,,,LUT/0459/3500-F/IV/2017,,
1d0eca75,0745ecf0,6cfb1f38,,,9/SP-V/2017,,
55da4df2,f34306d0,ab0eb5f8,,,421.4/375/bappeda/P3,,
e1b854e6,f88aa6cc,bf3bcb83,,,1446/PL37/KL/2017,,
b86f8d75,41e92cec,23ed5c02,,,227/UMM/XI/2017,,
d21eaf77,ab7f85b0,4b41eef5,,,004/XI/MOU/AKP2I/2017,,
776776fc,1c3d7be3,54fb1605,,,415.42/01/DPPKUKM,,
73e10b14,060dabe9,ad4765cd,,,453.2/1879/Kesra/2017,,
8be18921,ee1d3893,54b7f9ee,,,2669/UN31.43/KS/2017,,
0f48bce4,fa2c6b6b,c43b34ce,,,364/PKS-UNIV-LGL/AAJI/XI/2016,,
02b47732,2c46737e,99c82576,,,,,
609a1c48,93ba0867,7a0062b1,,,,,
73cc88d7,26b0b287,c7d0bcc3,,,,,
102ac785,463ccb06,da8e3744,,,,,
09c1dcfb,16d090b5,da8e3744,,,,,
a39b4f24,d489af57,da5386e5,,,,,
1ed37b57,9413fdb4,435c6849,,,,,
bdd6c0ef,8fa6dc28,2907174c,,,,,
a8c0e6ca,a104640a,ce0d16d9,,,445/012/UPTD RSUD/PTK/2018,,
9da24a8a,139ed125,46ee0b60,,,074/14/DPUSDA/JK-B/2018,,
a4dd7c9d,79274840,1650c46c,,,01/Bappeda-C/2018,,
7f0e788a,c5accb85,ad4765cd,,,415.4.42/154/Kesra-C,,
d334da4d,afaaadc9,59c470d0,,,523.074/128//DKAN/SET-C,,
e39ef3ef,abdbb505,ec83640f,,,800/103/SMK.0201/2018,,
82df74e0,8c5821b2,ad4765cd,,,030/423/BPKAD-ASET/2018,,
4b3ee831,4003632b,ad4765cd,,,420/974/DIKBUD,,
fd3c4140,6bc94d5d,46ee0b60,,,074/288/DPUSDA/JK-B/2018,,
3b71981a,ab4f51be,69a17ee6,,,523/51/DKP3-KAN/2018,,
45afad79,87b42061,46fc6bc1,,,523/52/DKP3-KAN/2018,,
4675ec09,30ef39cf,dfe3a0e2,,,523/15/BI-2018,,
8f0b3e28,41d25648,dfe3a0e2,,,523/15/BI-2018,,
9291dcd3,e24f1e3e,8ca859ca,,,0630/BEI.HKM/10-2018,,
648aac7b,e24f1e3e,e5a82544,,,21/GI-RS/X/2018,,
ce977ad1,25ec61ea,9bd12a6b,,,01/Srt/UPRSB/2018,,
8e12aa94,c7f163e2,0a407487,,,01/SRT/UPRLD/2018,,
b6cc23db,2dfc0f57,967b7b3f,,,001/PKS/MPH/2018,,
c0359e69,b35c559c,9f693d69,,,01/SRT/UPRMM/2018,,
45b209ab,dca33513,ac66e411,,,01/SRT/UPRSKM/2018,,
47a6bf67,ecc47061,df8a288e,,,,,
0bfbb2fb,5c723092,006f1bb8,,,20/2132-PKS/DIR,,
ceec22ac,57616e3c,967b7b3f,,,001/MPH/08/2018,,
c51d224e,73af571f,826fbf1c,21bf38ed,,109/BM/IX/2018,,
d073a99e,4c9ab5c4,39c09310,,,421.3/195a/SMPN1Pts/SM-A/2018,,
df27412a,5754e49d,538ffa25,,,47/sek/IAI-Kalbar/II/2018,,
3f1b3679,36c8922a,ab0eb5f8,,,032/7/NPHD/BAPPEDA/2018,,
1b742e65,3135e28d,bf80cab5,,,128/SK/FHCI/XI/2018,,
f8cbc9ae,96d8babf,7fd10e99,,,0011/HKM.00.01/WKB/2018,,
08bda363,6af9965a,150e42ac,,,001-0/MOU-POLNEP/PD-MC/CBM-JKT/XI/2018,,
f0568989,2979d5e8,7872b527,,,1547/BPPI/Baristand-Ponti/II/2018,,
d0a036cd,69a463dd,99c82576,,,,,
703d7585,8c09f42f,dce1a021,,,,,
2aced07c,996d4c09,ed48c572,,,1047/PEM-DES/TJM/2019,,
47f69202,84f697e9,b60ea102,,,1178/XV-KC/LOG/04/2019,,
4968f73d,36ba202a,dce1a021,,,,,
44a18b3e,9a3d80ae,66873fec,,,020/197/PPK-SETDA/2019,,
ae30264f,2afbda90,ee558f08,,,032.052/5405/BPKAD-D,,
fc9865ac,deef5e44,131b2dd1,,,,,
676789df,9cb3ed45,82680f9b,,,075/071.1/Dinkes-UA/2019,,
57a62f34,9cb3ed45,eda08d8c,,,HK.05.01/1.3/091/2019,,
27e54e06,9cb3ed45,c27f4e6e,,,064/K/AKBIDSB/I/2019,,
e9d381f6,9cb3ed45,0252ff83,,,11-AKPB-TU.01-01/19,,
270ac8a8,9cb3ed45,66cd7820,,,002.a/AKBID.A-MOU/C/I/2019,,
249b2177,9cb3ed45,1fe10b5a,,,076B/F-1/114079/I/2019,,
fcb1509a,9cb3ed45,c30029fc,,,0002a/II.3.AU.15/A/2019,,
1b173269,9cb3ed45,b1e578e3,,,014/STIKes.YSI/I/2019,,
51daf29c,9cb3ed45,9f94336e,,,23/MOU/K/AKPERDI/2019,,
e2d4ac31,9cb3ed45,7dd2a76b,,,001-B/S-MoU/SMK-KES-BD/I/2019,,
e22cf148,9cb3ed45,84163b4e,,,12.UN22.9/KS/2019,,
ea0e30c8,9cb3ed45,561587c6,,,167/II.I.AU/MOU/F/I/2019,,
33a95a30,9cb3ed45,4b0ac691,,,022/STIKARA/MoU/I/2019,,
211f25e5,4a4bd5a3,09a5936a,,,28/PKS/Non-OP/II/2018,,
695a08ad,50b44b88,a138b044,,,B/11/PL10/HK.05.00/2019,,
00ae9265,abbf41c0,f3990622,,,001/PKS-MB/ASK/DIR/I/2019,,
462e18a5,016529bc,46ee0b60,,,074/34/DPUSDA/JK-B/2019,,
55195579,b3a6f637,ad4765cd,,,420/305/KESRA,,
849b6464,f6a34755,b60ea102,,,466/XV-KC/LOG/02/2019,,
f517fe3d,76a39c71,d71f4c47,,,3126/PL17/KS/2019,,
c3c6d4c7,169bb695,b17c846a,,,109/Ren-NMPU/2019,,
12f5927b,ec2af169,6f5770bf,,,4275/UN22/KS/2019,,
6246a743,cf6d6c53,4da23d30,,,284/MoU/M.KOMINFO/HK.03.02/04/219,,
1ec0c42d,a6428c82,a2aa3a24,,,71/KOMINFO/BLSDM/HK.03.02/04/2019,,
d5fa4ff3,1c46fc6d,bf80cab5,,,170/SK/FHCI/IV/2019,,
ada0fdf3,915e782a,ab0eb5f8,,,032/01/NPHD/BAPPEDA/2019,,
f2b9605d,34744d81,ab0eb5f8,,,032/02/MoU/BAPPEDA/2019,,
47932630,8fd79b67,faf76444,,,94/DRP/SK/V/2019,,
7dc51b7c,5379dff7,e00f5910,,,99/PL11/KS/2019,,
cd00650e,a535dbbb,feecd01a,,,003/REKTOR-MOU/V/2019,,
77a35f0b,f91e42b3,9f670727,,,BNN.Plt/01-KB/V/2019,,
e2aad9d9,88f6a034,b1e578e3,,,352/STIKes.YSI/XI/2018,,
e6a760e2,e6445263,7c4f8ad4,,,2866/PL36/HK.07.00/2019,,
ae7929fa,9e816e1d,e196ca76,,,36/PL3.D/HK.05.00/2019,,
9dbd25d8,ec76fbb7,4451e82c,,,4202/PL27/DN/2019,,
0ef96680,7e29c831,5357b232,,,258/11.3.AU/A/2019,,
f09daf81,82c4553b,b7a605b4,,,1/PL39/HK.07.00/2019,,
51f6ed42,097af4da,00d6ad58,6599c8b1,,001/MOU/SR-POLNEP/V/2019,,
d49a8c04,1d1e5909,b2ac6a5d,,,4749A/PL4.4/HK/2019,,
a12563da,3547bb27,2f64775f,,,2323/PL34/KS/2019,,
59a092a6,60e79caf,995f2fb8,,,1660/PL1/DN/2019,,
fee1985e,55755260,2473f74b,,,4019/PL9/HK.07.00/2019,,
dcb6bfc6,157c6d75,c4766c6b,,,1131/PL7/LL/2019,,
51f61b17,3ced4c06,42482b89,,,3091/PL14/KS/2019,,
eab37b64,63466182,d15c6cc5,,,,,
18c2b12d,d8592dd9,d18af80c,,,B/8/PL5/HK.07.00/2019,,
90deab32,714d7432,4a31f07c,,,001/MOU-IOI/VII/2019,,
94832137,a17cd1ef,1287d5e1,,,011/MPEJ/HR/VII/2019,,
a6052390,b83107a7,b60ea102,,,3141/XV-KC/OPS/09/2019,,
9208c954,ed86107c,5a026554,,,893/285/SETDA,,
e428061f,4c1327c7,412665d0,,,1045/II.20/TVRI/2019,,
d3a8980d,7748282c,be95c3c3,,,BAI/003-MOU/2019,,
5b1102f7,f817a6d3,0c969d47,,,109/GM-GTPO/IX/2019,,
3c2887b7,1b13cb09,c7d970dc,,,23/MoU/IALI/2019,,
d06b64cb,d069a389,f5e162e9,,,LMC.SERV/PTK/134/IX/2019,,
a0be44a3,a85d00b5,c7120a6d,,,074/304/SMKN1/2019,,
d252fe82,30c3394f,8ceb5db5,,,420/47/BAPPEDA/2019,,
f4dba988,1a26870f,4b0ac691,,,09/STIKARA/MoU/X/2019,,
197d7553,a05826cc,b8ddd3d2,,,281/APJ.PB/E.04/X/2019,,
ec2babc2,7a69906c,b4ef0c0a,,,120/PKN/2019,,
2094d805,d70a7c58,93e09ee9,,,119/19/KB/SETDA/PEM/2019,,
78f916db,0fc317d7,b7ef46af,,,1027/Sak.01/Pp.00.9/11/2019,,
c8b113fd,0ef97237,582dd730,,,05/BPP/MOU/2019,,
5b0a0c9f,1a718c16,bc9751fd,,,422/24/SMKN1/2019,,
9a7a4f18,c7797fe1,fa9f31fd,,,18/POLNEP/BPP GATENSI/XI/2019,,
b8051e53,364561dd,40429a30,,,421.5/484/SMK.2/TU/2019,,
053efd87,5d8f828c,a2aa3a24,,,352/KOMINFO/BLSDM/HK.02.03/12/2019,,
ae6d894e,1a436822,4765cb13,,,451.14/864/SMK.4/2019,,
e25e89ca,b0a02632,b848b186,,,558/UN31.WR.4/HK.01.00/2019,,
a0cf9908,31679973,989b0b05,,,PKS-34/WPJ.13/2019,,
bce9011a,31a8cc80,94f5a9ff,7d662b27,,27/MOU/LCD/LOS/II/2020,,
ca1f263a,61213fb5,61db476b,,,,,
c376306a,6ec5265f,14df1a1f,,,,,
d3a7d142,2cc7d0ba,71880944,,,001/6.01/UBSI/I/2020,,
fb4f0658,82541ee5,94d0f65b,,,HK.201/16/1/BPPTL-2020,,
f8ad8cef,543185b9,f82a4bdd,,,0010/DKS/SPK/KDS/01/2020,,
0e9d97cc,fdd99236,1bde5a49,,,PJ-0049/14000/02/2020,,
fbfd68fb,4d66d2b9,68394b73,,,,,
5652c761,45368da6,5dddb9f9,,,140/17/Pem,,
f71f6776,4761984f,f3683f85,,,,,
ce6ef65a,76ea82f2,1803e3d0,,,01/M5/II/2020,,
a4c76acc,543f3390,db60bdd4,,,412.2/08/Ek bang/2020,,
ddd38cfd,4e44b9c8,ef0b046f,,,146/11/11/2020,,
35d49e6b,8c49d5bb,d3d4077f,,,,,
cf8ac169,d412f5fe,1a4837d6,,,,,
ffc10e62,2a09f60b,0f3e257d,,,,,
7da65dca,fc84ec48,2eef4b96,,,01/PJ/II/PEM-2020,,
d244c06d,94eb00f8,4b8522c9,,,PK.2/HK/02.02/DSDK.2/2020,,
97c51ea1,b293d35b,e7ad33cd,,,021/BPD.PHRI-KB/III/2020,,
dae37bce,b27d53a6,9281cd5c,,,30/DPD-ASITA/KB/III/2020,,
ac070dbe,e777e7a8,6b2fd73d,,,001/IDGVP/2020,,
a08301c3,cb6af4af,ed18f08e,,,BCV/1/123/R,,
fa942e21,a12162c1,cd168fec,,,01/SNK-RWG/IV/2020,,
060cca6f,d9f5e70e,6b2caa8d,,,016/11/05/GD/PUP51/2020,,
cd5d8b67,480b4cc3,fe9d3c5f,,,90/BAZNAS-KB/V/2020,,
93b14d55,c3563613,71a17ad1,,,MOU.408/LG.05/AR.004/V/2020,,
732a32b5,f44cffe5,0789d8b1,,,0067/IDG-IDGB/MKT/20,,
ba2e3dba,1c5a302e,8ca859ca,,,SP-00281/BEI.HKM/06-2020,,
caba14b0,1c5a302e,1b20ebf6,,,039/IPS-LGL/2020,,
5253bb2c,5f1f7c60,01fe70cc,,,03/K.KB-13/HM.02.04/VI/2020,,
1be4339a,ed38b031,feec9b9c,,,005/LPP-LKP/MoU/2020,,
8446dad4,89bbe011,c5f490ba,,,09/H3I-PNK/C/08/2020,,
f6960acc,724abc12,1bde5a49,,,PK-440/14000/08/2020,,
c9b30f67,d7e062c7,a138b044,,,B142/PL10/HK.05.00/2020,,
caac23cd,f104cd3f,967b7b3f,,,001/MPH/10/2020,,
8c4a4a01,b46dc01c,1bde5a49,,,464/14000/08/2020,,
5af7b60e,47681bdc,6d168546,,,/UPR17/UPPIAT/2020,,
0480d381,c1edd686,128caaad,,,001/MoU/BPM/VI/2020,,
c7de8f5f,7889f12b,848eacc1,,,107/DU-PDAU/NK/VIII/2020,,
f78177d0,f2c9298c,9fc1d8f5,,,2438/PL15/KS/2020,,
1d08f486,92b42eab,e5204722,,,01/RF/X/2020,,
4bc9e047,2a39d17a,2b66614e,,,052/03/BAPPEDA-E/2020,,
3fe22fa0,9a105f45,775a9c6c,,,03/SIP/X/2020,,
746d8b33,4a82695f,b2be0c76,,,007/FARM169/KKR/2020,,
70a92166,c8b59e54,aae176ee,,,012/SK/PBJA/XI/2020,,
7005c672,bb67c772,dfc64037,,,1115/11.0/KS.300/XII/2020,,
86e7e2d1,ff83f681,eedd5fcb,,,SK/004/GAPKI-KB/MOU/XII/2020,,
2218f0c8,114dcd0f,5d28bc80,,,523//680/Set.DPPKH,,
4b0e7fef,4cf07207,3b6204bf,,,415.4/799/IPDN.28,,
742469c4,d493392f,e3ddb36d,,,020/OA/XI/2020,,
1afa58b8,f51cba3f,7872b527,,,B/1246/Baristand-Pontianak/MS-MoU/XI/2020,,
2e7d6266,bfd3d3e8,c4766c6b,,,543/PT.21/KS/2020,,
b7b0c871,79bc3465,888d7f4b,,,523/890/DKP/2020,,
04ecc35c,b4a9ecc3,888d7f4b,,,523/898/DKP/2020,,
c023b214,8c24f077,df127305,,,20/ORI-MOU/XI/2020,,
e46b01d6,c495d077,5d28bc80,,,523/681/Set-DPPKH,,
ae88860b,4686b9fd,c0038710,,,38/B/PT.SULI/IX/2020,,
75977b8c,3792ab5f,47912bc7,,,MOU/LGL/UAB/054/XI/2020,,
d383db81,c47af414,be60fa98,,,7.12.271/UN32/KS/2020,,
51f09bba,34e967e8,bf3bcb83,,,1313/PL37/TU/2020,,
370f6900,275b591f,128caaad,,,492/PKS/BPM/VIII/2020,,
876b1e68,be8d257b,9d153dbd,,,425.1/108/SMPN1/K.PTU/2020,,
d30fc02c,9f80b60a,6cd27017,,,002/CCH/XII/2020,,
3aaa9208,2a62893f,533d5520,,,022/A.76/SP-NK/XI/2020,,
c4937537,d96ac5a3,9f35632b,,,068/IDG-IDGB/MKT/20,,
efcb2d89,a1632a71,c048e3c2,,,014/PMK/VIII/2020,,
987dfd83,3df5c71e,6b2caa8d,,,017/11/05/GD/PUP51/2020,,
05489b99,911a222f,83018940,,,44/MKP/PKS-IX/2020,,
d328a066,7f3c2ae7,feec9b9c,,,009/LPP-LKP/PKK-1/2020,,
44a800f1,eacd802d,b2be0c76,,,009/FARM169/KKR/2020,,
53966ef0,3fbd8600,aae176ee,,,013/SK/PBJA/XI/2020,,
b75b09de,43239939,775a9c6c,,,031/SIP/XI/2020,,
c78146c6,bc9570fd,e5204722,,,02/RF/XI/2020,,
8fa06fed,1917749c,e3ddb36d,,,019/OA/XI/2020,,
cba63cd6,7d2f32d9,c0038710,,,38/B/PT. SULI/IX/2020,,
23e362f7,630dbdab,47912bc7,,,AGR/LGL/UAB/054/XI/2020,,
e28cda6b,e826cf93,6cd27017,,,002/CCH/XII/2020,,
d26ea908,e4aaedb2,533d5520,,,023/A.76/SP-KSO/XI/2020,,
348c531c,e7f42601,dd856675,,6afef51b,213/D4/PK.02.01/2021,,Pejabat Pembuat Komitmen
c2cda02d,36e2f1fe,0dd35432,,3c0dd70e,190/SPK/D.D3/PPK-3-PTVP/X/2021,,Pejabat Pembuat Komitmen
4afc63e9,17e5916d,47131ba8,,e03594b8,,,Registrar and Secretary
27954bcf,34ca397d,5beffaba,,d59a3180,DIR/1/Dirut/159/I/2021,,Direktur Utama
4e52d927,20a600d5,5beffaba,,d59a3180,DIR/1/Dirut/160/I/2021,,Direktur Utama
6c2cd3c7,13abde64,86b231ec,,3e44d8f6,250/DPP-ATLI/VI/2021,,Ketua II
17c25aac,2f562782,0cbde08c,,,070/01/DPMPD2T-D,,
e8d64f6b,373dbd9b,dfd30093,,460ebf67,001/HRD/WILL/I/2021,,General Manager
66764f85,97f5f1e4,dfd30093,,460ebf67,002/HRD/WILL/1/2021,,General Manager
f8e1d39d,3746a9a2,dfd30093,,460ebf67,003/HRD/WILL/1/2021,,General Manager
b7cde099,08b5fe85,f28c64f4,,76cfcc07,026/III.4.AU/MOU/2021,,Kepala
ac797ba6,a2db26ae,1e79a138,,c8c538dd,137/421.5/ST/SMK.A-IT/II/2021,,Kepala
5192147d,3557d76b,0d98f993,,c0192f0c,134.5/04/KB/2021,,Wali Kota
e1e129f7,aec5db73,1bde5a49,,96e5adcc,PK-86/140000/03/2021,,Pemimpin Wilayah
4332da94,abc10172,87ef3b7c,,06c0c28b,017/Poltes-Mou/III/2021,,Direktur
5e3f5aed,7578ec81,0923446f,,e2ccc311,046/KTB.KRK/MoU/III/2021,,CEO
0ac7d097,381c004c,2a9882a8,,bbc849eb,001/13.21/2021,,Ketua
654b636c,f5825f88,0923446f,,e2ccc311,047/KTB.KRK/PKS/III/2021,,CEO
4ffe812b,45ca06be,db0c08cc,,a8f9082d,P/13/SP/2021,,Direktur SDM dan Umum
fbbf8d41,35bc3b3c,1650c46c,,0fbfa0e5,100/02/Pem-I/Tahun 2021,,Bupati
db69d521,4901b038,4a7a562a,,471499f6,446/D.100/BSJ/IV/2021,,Direktur
6b161f13,6c9bd146,74dbc60f,,fbee5ee7,01/DRD-SKR/2021,,Wakil Ketua
cb8f9e9f,e0df2504,f02989d5,,aba92f14,077/800/AS/OPR-U/IV/2021,,Direktur Utama
5ff2fc70,c1e6d7c1,f452c6b7,,63de9525,02/PDAM-SKM/IV/2021,,Direktur
a86c8d8c,152cb10b,f52370d0,,b43988b4,054/UN10/KS/2021,,Rektor
a5d317e7,94a7930f,e0eaaa6b,,9f85bc73,2757/UN24/KS/2021,,Rektor
bc8f6ac6,fb7f65ad,43e744c1,,e921515a,289/PGD-00029.03/2021,,Kepala Divisi Pegadaian Corporate University
0062500d,f632736f,0e6c9ded,,aa932c80,252/UKP.H.G/G/V/2021,,Rektor
b0f61a5e,72034c0a,706750da,,c8c60ae0,04/PT-PGRI-PR/Q/V/2021,,Rektor
8b41d6ba,b0165c4e,d9f9696d,,39083288,1079/HK840/TR6-W400/2021,,General Manager Witel Kalimantan Barat
35bb3bf0,f3ffec96,fe78537c,,3a5151bf,011/LSPTDI-MOU/V/2020,,Ketua
51fbf1e2,c6496e4a,f0c56dc6,,2cb87967,307/PL16/KS.BIV/2021,,Direktur Unit Pelaksana Teknis Unit Program Belajar Jarak Jauh Pontianak
a73880fb,4e559a5d,448efcc6,,57202baa,00105/V-MOU/HTM-2/2021,,Direktur Utama
e16e748e,99e956e7,282a6cc0,,0b850379,05/MOU-ARTEK/V/2021,,Direktur Utama
1086b82d,c1d38faf,9813ab78,,868878de,317/PL16/KS.BIV/2021,,Direktur Area Kalbar
2ab9e9b3,268e4ef9,b72b472b,,82412fba,13/MOU-IKI/V/2021,,Direktur
26c775f2,d874bf4f,d8a2a28f,,902f5999,03/MOU-ISIS/V/2021,,Direktur Utama
7fd8065f,93c6adf7,fceb15f1,,f7e0d951,421/101/SMKPDN/IV/2021,,Kepala
d616b7da,8e036ae0,0d59639b,,90af37b4,800/PL16/KS.BIV/2021,,Kepala
5f065b77,f67acfc1,4da23d30,,8887da08,375/MoU/M.KOMINFO/HK.04.02/06/2021,,Kepala
834b24df,a24ed615,a2aa3a24,,82faa6a8,114/KOMINFO/BLSDM/HK.04.02/06/2021,,Sekretaris
e93be286,d1a34ccb,6af2d0a6,,c7bb4d3d,001/MoU-LAP/VI/2021,,Direktur Utama
2038d7fa,4cd40371,2856e6e3,,0205e8fc,13.05/SPK-MoU/58/VI/2021,,SEVP Business Support
60719024,19b84f0f,d52d9c62,,50281ad0,2897/14/07/BCU/2021,,Direktur
fe058acb,b474c2ad,d52d9c62,16a403a4,50281ad0,2901/BCU/KS/07/2021,Partner kerja dan usaha,Direktur
478435f7,79c5c5c8,ac257a3b,,70c9ba28,1621/PPN-Pmk/KS.300/VI/2021,,Kepala
93ff81c9,53462dd3,01821ecf,,edb162ef,136/10871.00/2021,,Pemimpin Cabang
febca40e,2a295b27,4c507f96,,4894dd1a,0449/D2/KU.03.00/2021,,PPK bidang Program dan Evaluasi
7047add9,653df2fc,ac257a3b,70c9ba28,70c9ba28,1622/PPN-Pmk/KS.300/VI/2021,,Kepala
65fa0451,bd7f22be,128caaad,,79a11e04,462i/PKS/BPM/VIII/2021,,Kepala Cabang Pontianak
263bf6f3,ddaa9b1f,953020ce,,acc2aafa,057/SSKJ-VIII/2021,,Pimpinan
10cdb3ac,b3240ce3,b4d5fb3c,,0999bca6,019/DPKS/VIII/2021,,Ketua
ae26eb2e,a2e2064b,33124b92,,13e015b5,021/KW/VIII/2021,,Pimpinan
d0cee99d,72c249e8,1df6e3fd,,c393ee43,B.119/KCP/08/2021,,Pimpinan
6bfeec27,0b503854,2fa2e9cb,,5fd46b00,013/TPPD/VIII/2021,,Ketua
e310f81a,fe56dc71,83234924,,c8965c91,497/PL16/KS.BIV/2021,,PPK Pengembangan Kawasan Permukiman
8e746aba,506c1cff,ba352395,,db1a7a4e,317/UNOSO/PKS/IX/2021,,Rektor
5de70719,3ad42d47,4aff9b33,,89bc56ef,001/ACA/IX/2021,,Direktur
47272a1e,0bd0cb93,f9ada992,,5fea0d76,046/DIR-U/SK/X/2021,,Direktur Utama
c163b23f,0ae40710,6193599b,,cc72f0d5,MoU/03-SWA/PORAPAR/X/2021,,Kepala
05c7d43c,4cb36f00,516e66d8,,e4a92fc3,12158/UN22.6/KS/2021,,Dekan
e30ea685,d7a6efb6,0cbde08c,,4dfe4f5f,070/02/DPMPD2T/2021,,Kepala
80c0dae0,bea66466,058c3b33,2edad0d5,2edad0d5,PON-AJL/PKS-PKL/001/XII/2021,,Kepala Bengkel
4c503c7b,892cba7a,4496b32c,,77b8a774,12.01.01.21.MOU,,Direktur
60cf4227,9349cb68,9fcd5887,,77b8a774,421.5/382.a/SMKN-1/SR/2021,,Direktur
6d4666be,dfd151dd,9fcd5887,,a91eb982,421.5/382.c/SMKN-1/SR/2021,,Kepala
9707203a,a19033ca,9fcd5887,,a91eb982,421.5/382.b/SMKN-1/SR/2021,,Kepala
4b08c954,3ee78d80,473d5037,,4Feb9092,422.16/18/SMKN1.MPWHULU/2021,,Kepala
acc0009b,8cc6b442,473d5037,,2626860,422.16/19/SMKN1.MPWHULU/2021,,Kepala
2a708f5e,4b90c6da,8d395d60,9ee1884d,61947a72,1/D720/XII/2021,,Kepala Cabang Pontianak
28a68183,52d7f416,4765cb13,,759f4801,415.14/745/SMK.4/XII/2021,,Kepala
d173a142,79dd021b,d604f5a9,,b80f1ef6,002/PT.AVI/XI/2021,,Direktur
201e2b07,8d463593,92b9faa2,,2bd811b9,38,,HR
9b6ecb4d,07397b31,60e364ac,,9804eac7,420/312/SMKN2/PMK/2021,,Kepala
4dea0bce,6ae2adf1,4d30c3e2,,76f6e7d1,422/453/SMK1-E/2021,,Kepala
39fe31fb,45065796,7655d8ab,,2cd55650,421.5/431/SUKMA/SMKS.BL/2021,,Kepala
e7a8de69,94f33dcb,864cc2dd,,b1b4ed87,57/PKS/Kb.7/2021,,Kepala
361264fa,7c4b7351,c92d3226,,cca917c5,050.2/115/BAPPEDA,,Pejabat Pembuat Komitmen
a980841c,085f9528,a9b7efc4,,cc72f0d5,SPK/PPK/05/SWA-02/PORAPAR/XI/2021,,Pejabat Pembuat Komitmen
6b56efa9,ebfb213b,a9b7efc4,,cc72f0d5,SPK/PPK/04/SWA-01/PORAPAR/XI/2021,,Pejabat Pembuat Komitmen
d60e176f,a82864d6,c5b1853f,,163af77a,845/UN4.23/HK.07.00/2021,,Ketua
f842e0b8,ecf5f4d1,4c507f96,,2b4c9a8b,4936/D2/KU.07.00/2022,,Pejabat Pembuat Komitmen Bidang Program dan Evaluasi
4081a6ee,6de68eb9,4c507f96,,2b4c9a8b,5409/D2/KU.07.00/2022,,Pejabat Pembuat Komitmen Bidang Program dan Evaluasi
d4965784,c210f414,05f6256c,,13917597,,,Director
0c309f5c,f7ef67b5,d3cb185f,,,22/Pan/PSG-SMK/Mandiri/VII/2022,,
08b27936,2b2e63a8,f1b012c1,,096520fd,,,President
8355bbac,dc38e832,f1b012c1,,096520fd,,,President
121b019a,1b450e02,bfaec4d5,,02de3909,,,Managing Director
29465b6b,e83dccc6,29c9b0f0,,0a065a5b,44/KTR/XIII-02/0322,,Kepala
722c0c3e,e7c4e42c,1e79a138,,f6d2f361,026/SP/421.3/SMK.A-IT/I/2021,,Kepala
63e30e8f,24d1bd93,1e79a138,,f6d2f361,027/SP/421.3/SMK.A-IT/I/2022,,Kepala
152413ab,cadbf711,bb7ac5ae,,e7bfb5d1,401/UN17/KS/2022,,Rektor
0223d198,a78ee028,f4d3cff8,,a8268e45,002/PK.AMS/I/2022,,Direktur
82389ac8,7de12f75,f4d3cff8,,a8268e45,003/PK.AMS/2022,,Direktur
e1ea9ad9,0e2eff17,0db67a3a,,8a0242f6,277/PL22.1/KS/2022,,Direktur
d91fec48,e3ad9bae,d52d9c62,,16a403a4,2898.a/27/I/BCU/2002,,Wakil Direktur
b1157671,99d679bf,d52d9c62,,16a403a4,2898.b/27/1/BCU/2002,,Direktur
e2a70184,cbfa879a,b2be0c76,,0bf0b712,169.a/003.01/2022,,Pemilik
6753d653,481230cd,b2be0c76,,0bf0b712,169.b/003.01/2022,,Pemilik
f8b5e690,70738378,6d168546,,dcc39ba1,154/I/kec-kt.2022,,Pimpinan
74e9dbdd,00734e3e,6d168546,,0bf0b712,154.a/I/kec-kt/2022,,Pemilik
7dc9f48f,2be0e964,6d168546,,dcc39ba1,154.b/I/kec-kt/2022,,Pimpinan
70a85c31,35175223,dc59fd37,,65c6dfce,0227/SC/HK.02.03/2022,,Plt. Direktur
1561f1de,379d6fc1,dc59fd37,,0da81497,0228/SC/HK.02.06/2022,,Direktur
c6aba185,030bdcda,989b0b05,,aebe1524,KEP-50/WPJ.13/2022,,Kepala
4f482bcb,b65b97c1,e1a347eb,,8776a0f5,031/SAM3/TE-DEK/2022,,Rektor
aebbecfa,c5588a2e,a30a2c16,,43085c37,0006/HCM/EH/SK/II/2022,,Direktur
74b09714,70e3423f,ab0eb5f8,,9e6eefa9,134.4/02/KB/PEM-2022,,Bupati
dd45674c,6f5ac07c,be60fa98,,d755dc47,7.3.1/UN32.4/DN/2022,,Dekan Fakultas Ekonomi dan Bisnis
df8dfa88,9201f8e6,685d0d63,,cb197102,8.3.1/UN32.4/DN/2022,,Koordinator
21d481a4,a7e3815a,685d0d63,,cb197102,8.3.2/UN32.4/DN/2022,,Koordinator
a26bbbd0,331af451,685d0d63,,cb197102,8.3.3/UN32.4/DB/2022,,Koordinator
a55ac623,42fea40f,685d0d63,,cb197102,8.3.4/UN32.4/DN/2022,,Koordinator
e7c5d0b2,7fc3c93b,685d0d63,,cb197102,8.3.5/UN32.4/DN/2022,,Koordinator
78ddbfc0,c5008bc0,b4b49999,,97112a69,005/JGI/HRD/III/2022,,GM HRD Corporate Julong Group Indonesia
5f252333,b4450a7e,fd363d5f,,a0b278ac,45/NK-PEM/2022,,Gubenur
83c30722,45b26ba9,c3114b0e,c36f894e,abf00379,024/HRD-AAP/III/2022,,Kepala Cabang Pontianak
9bbd88a0,6902e21e,d4c33275,,fe6873e8,002/WG--ADM/03/2022,,Pimpinan
63f627ad,543a4681,8c91be34,,2b9ad0f8,001/SPK-E/III/2022,,HR Regional Manager
ff672abe,96b7a38e,a0a53909,,587b3784,02/BKS-SPK/III/2022,,Direktur
9ec80d7d,74a11830,f9f7273d,,606230f7,HK.201/1/2/BPTD-Wil.XIV/2022,,Kepala
1a191da8,240daa49,74ee66a3,,fe554f94,130/UN40/HK.07.00/2021,,Rektor
3471009f,f000f44b,274984ec,,7a372358,027/RRIPTK/LPU-PKS/04/2022,,Kepala
59a30279,a7209cd5,1bde5a49,,2828ed32,PJ-091/DS101/HM.03/04/2022,,Manager Administrasi dan Keuangan
a6c056ed,6cd0e019,3c17bf47,,6d816803,KS.01.01.20A.20A4.04.22.70,,Kepala BPOM Pontianak
abbe538f,b6289f6a,bf829318,,6e2ab1c6,001/ARTek-MOU/IV/2022,,Direktur
5c8ff612,0411304d,8bed9bf0,,f35ee7bb,070/169/PEM/2022,,Kepala
1e7d13fa,ad2817fd,f81c22cc,,e9d0ff5e,302/PL16/KS.BIV/2022,,Ketua Umum
9d73903c,6a4e6d6d,640ca9af,,1c74a523,SPKS/DL.05/60-AS/V/2022,,Direktur SDM dan Hukum
d6d3cf3a,2047f309,c7d2beec,,bb5187c1,16/EXCELLENCE/V/2022,,Direktur
2c64069c,4762ced2,c7d2beec,,bb5187c1,37/EXCELLENCE/V/2022,,Direktur
50c1a09f,e6f0122d,c7d2beec,,bb5187c1,38/EXCELLENCE/V/2022,,Direktur
4c5060c0,8241cfd6,9d25b08c,,6e219ed2,T720.972/TSO/PTK-SKL/III/2022,,Kepal Cabang
3507a0a9,dbb87337,48bd2388,,afd608ee,1594/PPK/BBPSDMP.12/KU.01.04/05/2022,,Pejabat Pembuat Komitmen
59c5aea8,e5c69790,535ca58c,,b5e0b5d1,17/PKS/APQ/IV/2022,,Direktur
035ff28e,d844ce0c,b60ea102,,45950f8d,B.1628-OPS/KC/05/2022,,Pemimpin Cabang
cb8bfd0d,a13e6b1a,bf829318,,6e2ab1c6,ART/XI/2022/013,,Direktur
7b85a5f5,303423a3,00d6ad58,6599c8b1,f690ee14,061/SR-GMU/VI/2022,,General Manager Umum
aee49739,5651ea61,282a6cc0,,0b850379,268/ATI/PKS/2022,,CEO
a7bd34d1,c99c4f29,b7a605b4,,7d5864d1,037/PL39/SK/KS/2022,,Direktur
4afabbc7,3619a41b,bf3bcb83,,d9a7ef35,1211/PL37/KS/2022,,Wakil Direktur I
ca4fe330,a4aa0c46,8b7af84c,,90055d09,009/SK-Dir/GMT-JKT/VII/22,,Branch Manager cabang Pontianak
142c3702,7c93a47c,8b7af84c,,90055d09,010/SK-Dir/GMT-JKT/VII/22,,Branch Manager cabang Pontianak
82c26bdb,d176883b,8b7af84c,,90055d09,011/SK-Dir/GMT-JKT/VII/22,,Branch Manager cabang Pontianak
7bcb14d8,a0c36c2b,9b84443a,,e981ed13,001/KS/2022,,Direktur Utama
ca8ffac0,f19682eb,1eba2efe,,750efca7,31/MOU.PL29/VIII/2022,,Direktur
2d25175c,294322d3,1eba2efe,,750efca7,64A/MOA.PL29/VIII/2022,,Direktur
a0eb54ef,87e0e245,81a31150,1d681f75,857a3436,162/KTI/MOU/VIII/2022,Business Development Associate,Direktur
748d3097,bc7f6dae,bca93679,,8188b80c,UPNP/030/KI/IARKI/EXT/VII/2022,,Ketua Umum
2b8188a1,9f1e5c25,81a31150,,857a3436,035/KTI/PKS/VIII/2022,,Presiden Direktur
11103ed6,4153d91f,967b7b3f,,242a43a4,002/PKS/PMP/VIII/2022,,General Manager
40f34a76,af5e8568,535ca58c,,bbed8624,79/PKS/BPQ/IX/2022,,Pembantu Direktur I
b983344e,64865ac9,2ae0e2d0,,bbba09aa,422/226/SMKN IV SPP SPMA,,Kepala
7048fadc,386c423d,4fdc8afd,,cf4510eb,420/197.a/SMKN3-SKW/2022,,Kepala
3f73bfff,56f544aa,060ff79b,,e48ea471,241.5/284/SMK.1-KP,,Kepala
a3a4face,2e0a9ba8,7f1342be,,11ee3b36,422/227/SMKN-5/2022,,Kepala
7c029679,0530c340,d9fe2dbc,,e076ea07,013/SG/MoU/IX/2022,,General Manager Operasional dan Umum
5d619c87,11577784,de107b53,,4f7a1603,453/II.3.AU/C/IX/2022,,Direktur
b8bb58f9,48f9299d,4aff9b33,,89bc56ef,133/ACA/MGT/IX/2022,,Direktur
f132d5c5,4cec21bd,a6bbc0ab,,288f5200,435/113/Ks-2001/X/2022,,Kepala
e6747d37,4407909f,1287d5e1,,90d412f5,030/KS-Polnep/XII/22,,Manager HR
e6f11b24,705dd0d5,ec83640f,,c38e0bbc,421.5/588/SMK.02.1.KTP,,Kepala
e328f865,de93cd7a,c2045b0d,,e5cc8b06,24/3/PKS/Ptk/2022,,Kepala Perwakilan Provinsi Kalimantan Barat
3970965f,7ab12baf,93fef708,,29dd85d9,,,Pengguna Anggaran
b9f763c0,c28d1e2b,50f46365,d50d1d96,c52cc905,,Koordinator Internasional,Rektor
2afdd272,51b41304,587109a7,,aa51dbd7,,,Rektor
26b7764a,0b218ccd,51ea8fe4,,,,,
d5367fa9,5a22ac0e,07764e0f,,f91f7bd6,,,Presiden
2abfee22,44228757,50f46365,bf53d7e0,c52cc905,,International Agreements Coordinators,Rektor
7f27dca7,4845b5ff,989b0b05,,f7f2224f,KEP-50/WPJ.13/2023,,Kepala
d04de402,e68f7411,03d8bb74,,a4fb9f24,074/264/SMKN1.PLH,,Kepala
bb8cc308,5e2c3ed3,23fe8a77,,0f2677de,365/SMKSI/E/2023,,Kepala
6dc7ff91,f3416548,909b2e97,,2b71e51c,421.5/022/SMKN.01/2023,,Kepala
3ec6b15f,4082eb85,21af7e1f,,2b66b11f,421.5/053/SMK-BU/2023,,Kepala
fb4ebc2f,17266221,23fe8a77,,0f2677de,371/SMKSI/E/2023,,Kepala
1f8ef04f,4a70425d,bc9751fd,,ffeb8988,421.5/43/SMKN1/2023,,Plt. Kepala
b6a4bedb,c2511fb5,a7ada8a3,,d2720dca,005/SMK-BP/MoU/01/2023,,Kepala
7ebb3050,ad7ca401,71d4a4e7,,9dc2eb62,NK/009/PEM.130.13/I/2023,,Bupati
5efa55ad,4ebd49cd,749ca80a,,e9d0ff5e,010/LSP-ASTEKINDO/II/2023,,Ketua TUK P3SM Kalimantan Barat
862236df,8099eac6,4e79fc85,,07d00fc1,001.MoU/HKM.104.04/OSHA/II/2023,,Direktur
17314719,e1e8912b,4e79fc85,,07d00fc1,02.MoU/HKM.104.04/OSHA/II/2023,,Direktur
b5b2d83b,bc7bef22,97126d3e,,76f6e7d1,421.5/085/SMKN1STG,,Kepala
99929777,71a0dec4,909b2e97,,2b71e51c,421.5/026/SMK.N.1.8/2023,,Kepala
1086627b,8c3b0be0,f28c64f4,,76cfcc07,027/III.4.AU/PKS/2023,,Kepala
7cd599fc,1555bab6,bc9751fd,,ffeb8988,421.5/78/SMKN1/2023,,Plt. Kepala
da5a4e71,d56ca41d,2a646f63,,cc2f8a0d,421/096/DIK.SMK.1/2023,,Kepala
c0d6eeca,4d53cb0c,a7ada8a3,,d2720dca,018/SMK.BP/Skep/02/2023,,Kepala
b761d862,0257c09d,2a646f63,,cc2f8a0d,421/110/DIK.SMK.1/2023,,Kepala
e03c961d,69fac142,26b91f22,,21e8220d,421.5/237/SMKN-1/2023,,Kepala
28deb915,b4a63982,97126d3e,,76f6e7d1,421.5/114/SMKN1STG,,Kepala
b741d679,9a3e453a,21af7e1f,,2b66b11f,421.5/063/SMK-BU/2023,,Kepala
464d35e8,0ba149f9,f40c889c,,fb2fb77c,06/Perjanjian-Swakelola/KU.03.2.c/61/III/2023,,Pejabat Pembuat Komitmen
2ae8b436,94907f00,ad4765cd,,c6803526,100.3.7.1/060/KESRA/2023,,Bupati
fe618ae6,150ce424,b4868851,,f4b913ba,421.5/197/SMK.01/2023,,Kepala
28b882fd,0809b765,3bc806e6,,2e902fa8,12.1/LSPGEOSPASIAL/ADM/PK/V/2023,,Direktur
4c31966f,b856ee87,bf3bcb83,,2b7d36b8,0619/PL37/KS/2023,,Wakil Direktur III
1d85c555,492b424e,c5e363b0,,b5b64d9b,421.5/426/SMKN 1 SK/2023,,Kepala
120f1675,c10cd78f,4bc17335,,342ab9ee,2805/E2/KM.00.02/2023,,Pelaksana Tugas Direktur
4c50820b,7a465563,b0ea4692,,bab7107c,R09.Ar.PNK/022A/2023,,Branch Manager Pontianak Sidas
b4430250,400c4298,94f5a9ff,7d662b27,dfa15eab,007/PNK/CCFU/PKS/VIII/2023,,Branch Manager
c0e906e7,5d10ea05,6cfb1f38,,e5768bc6,03/SP-VII/2023,,Wali Kota
491a89a1,215d17bc,93e09ee9,,a6dceed3,119/07/NK/SETDA.K-TANAH/2023,,Bupati
626f637a,8be53b46,898e46a2,,6b8d9ec3,421.5/MoU-SMKN1NGB/VII.2023,,Kepala
2a1735d4,bc504c10,609c3d2c,,6941c93f,023/GRASS/MoU GIZ-POLNEP/VIII/2023,,Penasihat Utama proyek Greening Agricultural Smallholder Supply Chains (GRASS)
a9997cbd,d7db68fe,481c37f1,,5b45042a,027/PT.PJG/9/2023,,Direktur
d4fc9e7f,3646858a,27b7331d,,197c7920,044/J.01/UNISBANK/PKS.MoU/IX/2023,,Rektor
0a4eb4ef,e0325e9c,27b7331d,,8a970a95,000/J.01/UNISBANK/PKS.MoA.FHB/VIII/2023,,Dekan Fakultas Hukum dan Bahasa
d12ef6ec,45d372b4,557f7c7d,,,001/MASS/10/2023,,
7bb13937,48f3c133,a9fee519,,81972d12,009/Kimken-X/2023,,Direktur
a93f0629,9a17e596,f410b73e,,25cd0d75,03.005/CV.DPK/X/2023,,Direktur
6c83a560,9487dbae,b3e5d6d3,,9bf46a20,01/MOU/DHFARM/10/2023,,Direktur
aa4e6385,07caa828,3e51bb2b,,7ce2f5d1,001/MoU/SKDS/X/2023,,Direktur
14146c31,2432b15f,00d6ad58,6599c8b1,f690ee14,087/SR-GMU/X/2023,,General Manager Umum
2995e1ae,e9d30694,5911028c,,2ceff12c,003/MoU-PSN/X-23,,Ketua
d4f273e5,f6bfa361,4bae93d2,,0f068052,24/KMB-RC.KALBAR/X/2023,,Ketua
ddda5fdd,826ea4a4,8f37a89c,,0f068052,24/DPD HNSI KALBAR/X/2023,,Ketua
fb7bcb7e,a45c70f1,bfc7ac18,,886bdbb5,SK/001/SON-PON/X/2023,,Direktur
ef4df688,9b4f18d0,3b1fcf0a,,b1ca2517,18/IKL-MOU/PN/2023,,Direktur
3979acd9,56d5fdbe,e6a7f4f9,,058807d3,0826/JEL/MOU/X/2023,,Direktur Utama
71484d0d,56d5fdbe,9f670727,,2ceff12c,005-MoU/Polnep-BINA/X-23,,Direktur Utama
4d8692c2,31b56323,7c7e1efc,,26b56152,008/SPm/24.10/2023,,Ketua
e297541a,f6147a1d,47ec1f95,,2f3c09fa,593/PL16/KS.BIV/2023,,Ketua
057fe4c2,4e9ae550,63105f06,,7a601610,15/LWR/10/2023,,Ketua
fc10d3dd,953e33a6,b184bfed,,0c5cf0ad,38/Red-PP/2023,,Direktur
fc44914d,b8f78d4e,ad91edbf,,09159abd,350/ICMA.DPN/MOU/XI/2023,,Ketua Umum
13539175,608ac0bb,67f26732,,6b798898,01/MOU/11/2023,,Pimpinan
79dfb8b0,3428ffaa,24ecc7cb,,4d92cfc4,014/MOU/RPN/2023,,Pimpinan
407c7da7,cbc12071,24ecc7cb,,4d92cfc4,014/PKS/RPN/2023,,Pimpinan
90a90c88,238e94e3,b72b472b,,82412fba,197/PKS-IKI/XII/2023,,Direktur
f0671b87,8b3877bf,ed18f08e,,1f16c205,PNK/01/4286/PKS,,Branch Manager Pontianak
c774b839,86a5b6a6,d1727a2b,,90a908c1,03/MOU/SLT/XII/2023,,Pimpinan
3c9d364e,46ce3124,d1727a2b,,90a908c1,04/PKS/SLT/XII/2023,,Pimpinan
2e5bc5ec,1cd43931,ce693630,,11d6cd96,421.5/336/SMKN7PTK/2021,,Kepala
d2406ca4,6c1a5d5b,538ffa25,,,15.01/MoU/IAI-KALBAR/I/2024,,
6afc834e,50a11067,30e7f2a0,,e909a4e7,B-04/O.1/Gs.1/02/2024,,Kepala
183df6e6,ceb23943,59551461,,b1959d87,003/PT-AKBEI/KS/VII/2023,,Direktur
bfe04c5f,ceb23943,2a77fd43,,6414d729,003/RISENEO/VII/2023,,Direktur
62cb762b,5c76f844,59551461,,b1959d87,004/PT-AKBEI/KS/VII/2023,,Direktur
ff1ce344,5c76f844,2a77fd43,,6414d729,004/RISENEO/VII/2023,,Direktur
7bea26e1,e680395a,282a6cc0,,0b850379,007/ATI/I/2024,,CEO
b3c931a6,86b56c04,4bc17335,,c3043bb4,1005/E2/KM.00.02/2024,,Direktur
5001bebf,31c543e2,538ffa25,,2ab09ea4,15.01/MoU/IAI-KALBAR/I/2024,,Ketua
8773f040,0ad6d878,2840b8bc,,88dc418c,146/Aspkepir/Kalbar/I/2024,,Ketua Umum
42d3f5bf,2cd67c43,03d8bb74,,a4fb9f24,415.4/014/SMKN1.PLH,,Kepala
bcc8bcda,0cb0dec3,ad4765cd,,ee24768f,030/11/BPKAD-ASET/2024,,Bupati
47cb5909,fbc3a33b,2f4669c2,,7e53bfb5,422/352/SMK-CB/B/III/2024,,Kepala
fe57912e,aa2c3887,b4868851,,f4b913ba,421.5/418/SMK.01/2024,,Kepala
b273aaee,2b1bcbab,9eb1f5cf,,799fb52a,121/061058/NK/R-JTS/C/2024,,Rektor
4bc745a3,47b5b2e0,9eb1f5cf,7855ef5c,1f2cde97,020/061058/KS/FSA-AW/C/2024,,Dekan Fakultas Studi Akademik
34f726a5,de9023b7,aadae7c3,e4550855,0a462423,S-101/KLO/SLS/IV/24,,Direktur Utama
52cce722,fdea9408,bf3bcb83,,2b7d36b8,0391/PL37/KS/2024,,Wakil Direktur III
4c0e9734,eb6197bf,41a3d03b,,84d98fc1,001/WLTM-MG-PNP/V/2024,,Pimpinan
20399183,3aebde9c,6276114c,278e699d,28079b6f,5/PKS-61.02.NT.02.02/VI/2024,,Kepala
a865600d,cabd068f,1ad05512,b94fd358,b94fd358,005/SMK.AM/KEPSEK/MOU/VII/2024,,
a0765e6e,ba85a6f9,b819f131,,aaa45674,1078/HM.02.04/K.KN-10/06/2024,,Ketua
20eb9a8e,a1b77bb5,d3f614c6,433f8fb3,e0cf16b8,22639/PL2.4/HK/2023,Tim Kerja Bidang Perencanaan dan Kerjasama,Wakil Direktur IV
ac1be020,fb987195,d3f614c6,433f8fb3,e0cf16b8,22629/PL2.4/HK/2023,Tim Kerja Bidang Perencanaan dan Kerjasama,Wakil Direktur IV
c5ad4002,b29bfe66,4dcb0d9d,ce8c723f,ce8c723f,01/SEKR PKK/07/2024,,
492fcab5,b4c646f7,aeed3516,8b17be27,8b17be27,045/POK/KLKG/10/2024,,
531563fa,fd7a24b3,aeed3516,8b17be27,8b17be27,046/POK/KLKG/10/2024,,
63870416,ce8ec856,cb40ffa5,,8f511f42,087/GLD/VIII/2024,,Business Development Assistant Director
be4483ff,b5483f91,6e382c30,da074e06,5db34990,L/LEGAL-PKTI/2408002/PKTI,,Direktur Utama
422bf84e,7e3cf980,3ef8f93e,,fff3cb13,17/TKKSD-TAPEM/KB/2024,,Bupati
d3745d4e,2f20685a,d25464c0,,3659a4dd,029/PKS/DBK/POLNEP/X/2024,,Operation Office Supervisor
4bede8a3,778aedab,671112aa,28a8c40d,dfa15eab,60/PNK/CCFU/PKS/X/2024,,Branch Manager
13a3ffb1,c5472a5a,f0ed6db1,,d21d909f,057/LKP-SS/X/2024,,Pimpinan
da36c670,772a631a,660e09d0,,9548b8f6,0113/BEC/X/2024,,Pimpinan
5e90d3a1,54a5f5b1,5c86664b,595bc694,,107/SERT/YALE/X/2024,Pimpinan,
c8d259a5,cdaad9cd,53d15170,,b5be5e2d,014/SPK/YLPP/X/2024,,Pimpinan
31bfdaca,7738a918,058c3b33,2edad0d5,944c52ea,0005/AJL/MKT/07/24,,Regional Manager
a729ba48,7738a918,40429a30,,0f7aa325,421.5/345/SMK.2/TU/2024,,Kepala
ea31e4b3,aaaa22bd,058c3b33,2edad0d5,944c52ea,0005/AJL/MKT/07/24,,Regional Manager
514e17cf,aaaa22bd,4765cb13,,94a61c90,421.5/401/SMKN 4 PTK/VII/2024,,Kepala
b55f4765,80ede681,d780a1b7,,7ad38b9e,003/3 DARE/VII/2024,,Direktur
b3fae625,80ede681,9fcd5887,,937061fb,421.5/248/SMKN 1 - SR/KKR,,Kepala
03ca2654,9f1fc028,f4eb29fd,,c041be11,02/dpdmasatakalbar/VII/2024,,Ketua
389c3a4b,9f1fc028,3fde5ce1,,1c1224cd,400.3.8/209/SMKN5PTK,,Kepala
1bc2164e,bc2940b8,14d9d24e,,b2e1a41e,01/DCG/MOU/VII/2024,,Direktur
75c4057a,bc2940b8,4765cb13,,94a61c90,421.5/401/SMKN 4 PTK/VII/2024,,Kepala
8b50f2ef,2aab8ac7,dea22475,,65a80a4d,2025/kt/07/2024,,Ketua
9d392029,2aab8ac7,ea4b626e,,261f373e,900/189/SMKN 6 PTK,,Kepala
8873abe4,136f0bf6,23d9794f,,c59fe006,5021/MoU/VII/2024,,Direktur
87280823,136f0bf6,b7d9edca,,d7836490,400.3.8/346/SMKN.1 MH,,Kepala
2b495c11,006d7d62,2a5e7882,,644bfffe,01/GEC-PTW/EXT/VII/2024,,Learning Center Head
655ab677,d23b2d75,37132691,,424ae3e0,003/FP/VII/2024,,Manager HRGA
7f26b60b,70dbcca4,0cbde08c,,,070/01/DPMPD2T-D,,
c5681b7a,a8492bb3,a9b7efc4,,,SPK/PPK/04/SWA-01/PORAPAR/XI/2021,,
123e711c,ce350ee2,a9b7efc4,,,SPK/PPK/05/SWA-02/PORAPAR/XI/2021,,
b44dead8,9c83f1ad,5a026554,,a88af701,028/390/BPKAD,,Bupati
4f039103,cbe78548,48bd2388,,,1594/PPK/BBPSDMP.12/KU.01.04/05/2022,,
a3450460,a8783abf,7b2e96e4,,dd1bef38,W16.HM.05.04-3719,,Kepala
39c57133,cc9fb098,c202e1e3,,d96d3cd1,074/452/um,,Kepala
f3f06148,91982592,d69c5efb,,,580/BKD/SET.A/2021,,
7f4f94e3,2d0b8835,ffed5319,,b993e664,1668/PTK-VI/KC/2022,,Kepala Cabang Pontianak
79489c1d,1da18774,f40c889c,,,06/Perjanjian-Swakelola/KU.03.2.c/61/III/2023,,
4a0b6eea,f45a2c96,f9f7273d,,32482fae,ADD.01.PL.107/6/14/BPTDKALBAR/2023,,Pejabat Pembuat Komitmen
61f0caa5,ad596910,2fa28816,,c28e9d85,B/0320/DISHUB-B.602/X/2023,,Pejabat Pembuat Komitmen
a03f582f,16dd4aa6,2fa28816,,c28e9d85,B/0324/DISHUB-B.602/X/2023,,Pejabat Pembuat Komitmen
581c3691,c55eb4d4,0049bc9e,,7e3840dd,,,President
9453a450,b25b06f3,6a004df4,,e7a9229a,,,"Rector, CEO"
3fafdbcd,d04901d8,da5386e5,,3c22987f,,,Director
a41a9df5,80ef72c4,07764e0f,,f91f7bd6,,,Presiden
ca12ef0e,6c9437e8,a0add136,,4c37f408,,,Pemilik
c4653122,678f56e3,a2f1d4b3,,c06177e6,022/PKS-CARITRA/2023,,Direktur Eksekutif
0b9b3cf8,a29fecf9,f0a99306,,1640ba61,,,Pemilik
4022aa5a,6bf33c9d,aec36076,,40b797f8,,,Pemilik
df9f6385,079fe5a0,bdbd230a,,7b23d034,,,Pemilik
7e9248a2,f5f539b8,daf2b4a6,,9ae3d5c7,,,Pemilik
c1b05334,db389294,bdbd230a,,7b23d034,,,Pemilik
5a6bb426,d81ce1c6,2c94c739,,df795a43,000/2291/DPUPR/2023,,Kepala Dinas
723a8337,47616326,557f7c7d,,459aa847,001/MASS/10/2023,,Direktur
f6232dab,b872965f,538ffa25,,,15.01/MoU/IAI-KALBAR/1/2024,,
9ca55e9e,fb22f8d5,6bca09f9,,6afef51b,0298/D6/KS.08.02/2023,,Ketua Pelaksana Kelompok Kerja (Project Management Office)
3738aa79,4b74b08c,2c94c739,,721ef545,01/SWKL-2/DPUPR-TRP/2024,,Kuasa Pengguna Anggaran (KPA) Bidang Tata Ruang dan Pengendalian
0fd3044d,a97996aa,2c94c739,,721ef545,03/SWKL-2/DPUPR-TRP/2023,,Kuasa Pengguna Anggaran (KPA) Bidang Tata Ruang dan Pengendalian
5bd4b970,daee08bd,aa2541a1,,659a9119,,,Dean of Faculty of Social and Education Sciences
58a926e9,daee08bd,7e81e620,,7c433549,,,Dekan
28d2930c,daee08bd,32a30f8c,,fad37d1d,,,Dekan
e65cc146,daee08bd,15fde43c,,d81664c9,,,Rektor
08b6f72c,db6ac155,c449a777,c0a92b13,c0a92b13,010/MCI/IV/2024,Pembina,Pembina
07bfb434,c2bc162d,58a3bbc4,,45e5b9e1,100.3.7.1/08/BAPPEDA/2024,,Kepala
96353d9c,f78e6a2a,05afc3d0,1a03fb5c,1a03fb5c,MDI/KS/SMRHN/2(21),Pimpinan,Pimpinan
2286b5cf,84b4644d,05afc3d0,1a03fb5c,1a03fb5c,MDI/KS/SMRHN/2(22),Pimpinan,Pimpinan
5781928b,509920c7,5bf904e4,cd5059d6,cd5059d6,500/665/EKBANG,Lurah,Lurah
dca57faa,3b108687,1ab0e041,19749a97,19749a97,0021/APB/COP/2024,Komisaris,Komisaris
8c715716,6d6b73c0,8560f645,5d18601d,5d18601d,422/463/SMAN2/Pend/2024,Kepala Sekolah,Kepala Sekolah
42fe96ce,8e9c87ef,274984ec,,4efc210e,367/RRI-ETK/XIX.KJM.02.04/03/2024,,Kepala
e41d1b65,7a6ebf9c,67f26732,,6b798898,QMT-MOU/01/23,,Pimpinan
f7690f14,2e6d4532,0726c001,,4551d4e2,015/VO-YPTI/III/2024,,Direktur Utama
74c90bb7,615ef638,401b0bef,,a457a600,035/061058/IA/FSV-UNA/D/2024,,Dekan Fakultas Studi Vokasi
,,,,,,,
5cc7ded3,e31a8356,eed010dc,,16c4014b,24/KOMINFO/BLSDM/HK.04.02/04/2024,,Pelaksana Tugas Sekretaris
499b4ffe,24cc9086,401b0bef,,597925c7,118/061058/IA/BN-WST/E/2024,,Ketua
9a243fd2,12f94879,fa0daffd,f24ccf38,f24ccf38,421.5/347/SMK.1/2024,,
711c4fb2,acf3244d,282a6cc0,,,,,
81981f5b,647aae0a,de107b53,,ad3babf6,619/II.3.AU/E/VIII/2024,,Wakil Direktur
fef0d7b4,ab1c9d7e,274984ec,,379e267e,17/PTK/LPU-PKS/03/2024,,Kepala
2d4220c3,f33c6579,8f930cd5,,485e94b3,554/SPK.SVMPLT/SVM/III/2024,,Direktur Utama
f419db95,364ec6e3,2c94c739,,721ef545,01/SWKL-2/DPUPR-TRP/2024,,Kuasa Pengguna Anggaran (KPA) Bidang Tata Ruang dan Pengendalian
d2cfe9c1,7de23d29,50ea054b,,f08b8ab7,014/PKS/D.D4/PPK.01.APTV/I/2024,,Pejabat Pembuat Komitmen Riset dan Pengabdian kepada Masyarakat
b8ddefbc,8cd6fc53,aec36076,,40b797f8,,,Pemilik
c386b6da,bf33dece,bdbd230a,7b23d034,7b23d034,,Pemilik,Pemilik
754320dc,598a506c,bdbd230a,7b23d034,7b23d034,,Pemilik,Pemilik
7b632523,7143defe,385feb2e,,73ab56db,,,Pemilik
e4e70d0b,9f37df3a,a2aa3a24,,890e4c10,42/PPK/BPSDMP.31/UP.01.04/7/2024,,Pejabat Pembuat Komitmen
8f2e4bb1,1dc31d0d,b60ea102,4f169400,4f169400,B-3602-BO-RO-JKT3/OPS/11/2024,,Pemimpin Cabang Perseroan Terbatas
4fcea8db,a605d9e4,b60ea102,4f169400,4f169400,B-3601-BO-RO-JKT3/OPS/11/2024,,
36e14edc,173a7cc8,b60ea102,4f169400,4f169400,B-3601-BO--RO-JKT3/OPS/11/2024,,
61ccceaf,cde8016a,2ae0e2d0,c8fedede,,421.73/411/SMKN IV SPP-SPMA,,
2c33d3b3,49654ba5,50b62890,,fc448088,,,Vice Chancellor
99aa2827,b708d2b8,698acf49,6b6a091c,5b09a9bb,003/INTACT-BABEL/I/2025,,Consultant Advisor
5ef58ae9,5a07912b,b417ceba,3da5bbd2,3da5bbd2,004//KRT-SRU/2024,,
dd74f862,29d0de8a,6f59d213,1c4f1c80,1c4f1c80,002/PKK-SRU/2024,Ketua,Ketua
96fc2ea7,c4cf34fb,fca56728,c0957dcf,c0957dcf,522/165/PM,,
ad37ea32,97db86ea,0dae4a50,,51cf1a48,421.61/210/DISKAN,,KEPALA
1c27c867,ccfe1163,f62fc45d,3c191bdc,3c191bdc,0113/PP AH/IV/2024,,
caaa1b67,4195cdb2,f28920bc,2d747324,e57ed5e1,100/188/KS-2007/2024,,Kepala Desa
6074e5e2,d3c5d087,f28920bc,2d747324,e57ed5e1,100/189/ks-2007/2024,,Kepala Desa
b181d3e0,439695b4,9bbf2aa4,3e2a12f2,3e2a12f2,007/B/AbahHouse/2024,,
0b0fa3d1,1fa6e997,f01f248d,34c9fc78,34c9fc78,412/41/Kesra.2024,,
9667354d,7d074fef,48cde341,bec257ad,bec257ad,140/355/Pem,,
6820694e,9235efa2,5bc4a82f,776dfa9b,007c0304,410/599/Pem,,Kepala Desa
dc4cb95b,7120d55e,de107b53,b5c15a65,4f7a1603,449/II.3.AU/E/VII/2024,,Direktur
819daf50,f8df6969,73441412,0ef58215,0ef58215,B-500.2.4.4/810/2024,,
5fef1a9e,e9f29234,460728bf,010ec8d0,010ec8d0,500/186/DSJR/Pem,,
b9b13a12,76b64285,848eacc1,e1c76034,5d66b16c,064/SPK/DU-PDAU/VIII/2024,,Direktur Utama
1dfd36b8,a629a800,1d07dbe7,90c9c7a4,90c9c7a4,01/KS/08/2024,,
6d10750f,f9876436,8a62d62a,0ee96778,0ee96778,003/SPK/RB-SGU/VIII/2024,Supervisor,Supervisor
59aaac13,4721db58,23463fb9,edf3eb66,edf3eb66,309/PP-MU/VIII/2024,,
b596a995,682d0f10,1a3f1752,68b08fd3,68b08fd3,142/SMK/PAN/VIII/2024,,
44de1e77,19c11ea6,f088bf2d,30b30dbd,30b30dbd,400.3.3.1/557/KEL.Kdu/PEMKR,,
ef80ace3,5d38298f,ed4d5bfa,c86dd01b,c86dd01b,0093/B.1.5/MAKR/08/2024,,
b8c097f3,94bf8450,7c7e1efc,26b56152,26b56152,004/SPm/10.07/2024,,
ff9b8b21,dbfb689a,5dddb9f9,7c325e41,7c325e41,474/0471/PEM,,
aca624d1,d166764c,89cb8add,185a9f46,185a9f46,421.4/213/14/SMKN-1 SKM/VIII/2024,,
2b5e98c2,2377c0b2,f2a7ef7f,93aad918,57a79d10,HK 0201 - Bws8 / 276.1,,Kepala
f4ac5e46,545034cd,e7fd7f56,a3c3c149,a3c3c149,12/PP-AT TAUBAH/TPA/II/2024,,
5e82ab7f,7857bf80,20e600d3,,a4372974,,,Director
311b7bd7,13b2bcbd,1bc9ce44,b04bdaa6,b04bdaa6,470/250/Pem,,
b6ed72d9,aa08d637,d5c52fe3,6df7f9be,6df7f9be,067/1/10/2024,,
f99ec9be,e8a00428,7b1e9200,d14db7da,,001/NM02/10/2024,,
d105d373,4d140ee0,24cc17e2,dadcb362,dadcb362,001/KTP/KS.10/2024,,
bbc56ee8,0bd9ac51,ca565345,825af46b,825af46b,001/Sket-61.71/MSD-NH/X/2024,,
e59bf863,67179135,e911666b,62bd9a5b,62bd9a5b,031/B/LAI-KAL/X/2024,,
fcd531bb,fb329f5f,f9643c91,,fdb57e94,211/SPK/CBC/XI/2024,,Direktur
bca84b38,e73be313,c03546c2,d6d031e4,d6d031e4,03/XII/2024,,
47bb80a4,e7daa319,535ca58c,,bbed8624,98/SPK/MoA/BPQ/XII/2024,,Pembantu Direktur I
a8cd1a6c,f27fc00f,698acf49,,5b09a9bb,,,Consultant Advisor
f92bb065,ba99f6d9,50b62890,,d967cb2c,,,"Chairman, Board of Directors, UBS"
415d9913,fce8d3ee,3b1bb550,,c0c87340,352/LSP GKK C.001-E/IV/2024,,Direktur
d0c1b605,e7644729,be95c3c3,f2ff59c8,834aea55,BAI-005/MOU/X/2024,,Direktur Utama
84b25ead,7e356c43,f9643c91,,fdb57e94,215/SPK/CBC/XII/2024,,Direktur
177263a4,6e8829b7,81a31150,41c5034d,857a3436,007/PKS/KTI/IV/2024,Senior Business Development Manager,Presiden Direktur
31dfe054,67615be9,c3542b9f,2c6443e4,edcd3683,B.2553/BBPBAP/KS.320/IX/2024,,Kepala
2cf45c83,98b425a5,6bca09f9,,6afef51b,14163/PL16/DV.03.03/2024,,Ketua Pelaksana Kelompok Kerja Pelaksanaan Program Penguatan Ekosistem Kemitraan
5c01b804,f170baaa,6bca09f9,,6afef51b,3696/D6/DV.03.00/2024,,Ketua Pelaksana Kelompok Kerja Pelaksanaan Program Penguatan Ekosistem Kemitraan
e8ed7f05,fcdc9391,6bca09f9,,6afef51b,3697/D6/DV.03.00/2024,,Ketua Pelaksana Kelompok Kerja Pelaksanaan Program Penguatan Ekosistem Kemitraan
6f497232,a086c3d5,6bca09f9,,6afef51b,3698/D6/DV.03.00/2024,,Ketua Pelaksana Kelompok Kerja Pelaksanaan Program Penguatan Ekosistem Kemitraan
841e745c,f09074c5,6bca09f9,,6afef51b,3231/D6/DV.03.00/2024,,Ketua Pelaksana Kelompok Kerja Pelaksanaan Program Penguatan Ekosistem Kemitraan
958d39a4,d00a9eb8,282a6cc0,,,,,
80a6cbdf,cdfbbd54,c6e53f66,,3a19f96d,,,President
84be4a45,7133669e,c6e53f66,,,,,
302b8eea,366b4d0c,8f992bec,,3cef1bad,004/DY/I/2024,,DAYA Head
c1e18339,69106f1e,de107b53,,4f7a1603,065/II.3.AU/E/I/2024,,Direktur
1d1e021f,88c67ee5,de107b53,,47956698,065/II.3.AU/E/I/2024,,Wakil Direktur II
877b7977,f66d2d3e,9542ea70,2fbacce6,2fbacce6,B-89/Ma.14.02/HM.01/2/2025,Kepala Sekolah,Kepala Sekolah
b2d9df37,46cdf775,b7a605b4,,b50b76bf,2/PL39/KS/2024,,Wakil Direktur III
f6305f0e,68e9a7cd,bece39d0,,0d034172,2054/UN22.8/HK.07.00/2024,,Dekan
42f19942,9dc945fe,bece39d0,,0d034172,2055/UN22.8/HK.07.00/2024,,Dekan
ffe19050,156ef648,48bd2388,,b253c9f9,1307.C/PPK/BBPSDMP.12/KU.01.04/06/2023,,Pejabat Pembuat Komitmen
73cb149d,44a745e1,a2f1d4b3,,c06177e6,025/III/MOU-CARITA/2023,,Direktur
f7851250,4d79f097,c2eec039,,9417dc80,03.9/NAK-PNP/MOU/III/2023,,Direktur Utama
645cd8c3,6de850a5,c2eec039,,9417dc80,03.20/NAK-PNP/PKS/III/2023,,Direktur
763ba619,8523a68f,282a6cc0,,0b850379,493/ATI/PKS/III/2023,,CEO
44ff986d,617d3e6d,538ffa25,,77afbe45,12/PKS/IALI-PD.KALBAR/2023,,Plt. Ketua
94a5fc0c,875db34d,2175bedf,,89c11869,001/007/PL/MOU/IV/2021,,Direktur
9eccd41b,79c1c2ef,7c7e1efc,26b56152,26b56152,003/SPm/14.06/2023,,Ketua
ecd3f089,f1d50493,128caaad,f79b35f6,0944b6da,140i/PKS/BPM/VIII/2023,,Kepala Cabang
0452cfd6,55b30cb9,63a408fd,,3832b2d2,18/SKB-61.NP.03.02/VII/2022,,Kepala
e11b85be,0f76dd01,56415303,,be5761ff,060/MoU/LSPHATSINDO/VII/2023,,Ketua
73e6925d,5d29eda3,a93d8d65,,a90c7b49,514.a/307/STIEP/VIII/2021,,Ketua
8e7f73f9,cb988a4d,6256b138,,71ee0670,1187/BSPJI-Pontianak/MS/X/2023,,Kepala
b4562b91,a4120956,3ca6d61d,,e8da8a02,241.5/02/MOU/SMKN1SMR/2023,,Kepala
024c98bd,68758c0b,5c53f5d5,,7f401b59,421-5/791/SMKN.1-AU,,Kepala
cd394705,12784cd8,ad91edbf,,09159abd,356/ICMA.DPN/PKS/XI/2023,,Ketua Umum
a0128c6f,a264b173,bf73e555,,0177b989,400.15.14/591/SMKN-8/2023,,Kepala
fd27f11c,00c95b2f,d415d292,,c39ea2d2,084/YPKB/SKK.d4/IX/2021,,Ketua
4a4202ab,b11f54db,4aff9b33,,89bc56ef,002/ACA/IX/2021,,Country Head
59b3f1fa,b7afccc9,909b2e97,,2b71e51c,421.5/254/SMKN.1.8/2021,,Kepala
ad010874,b91b782d,0049bc9e,31f888c9,,,,
119e1abf,ef076a7a,0049bc9e,,c3f95e4e,,,President
1c442efe,7820d85b,7f10cd41,,cd3144af,,,Vice-President for International
047d4871,692a109e,7f10cd41,13d118c3,cd3144af,,Head of International Affairs,Vice-President for International
cde5d3b2,701d5dd3,0726c001,,4551d4e2,011/MOU-YPTI/II/2023,,Direktur Utama
a83d02b7,b0486f4a,ad4765cd,,ee24768f,100.3.7.1/174/KESRA/2023,,Plt. Bupati
19d0330e,d0f248a4,e196ca76,,,270/PL3/HK.05.00/2023,,
379d693f,d0f248a4,b801c910,,,8/13/PL33.001/DN/2023,,
ca46d91d,d0f248a4,9fc1d8f5,,,1705/PL15/HK.02.03/2023,,
0eed0e37,d0f248a4,d18af80c,,,B/49/PL5/HK.07.00/2023,,
18f76989,d0f248a4,79151799,,,044/PL43/HK.07.00/2023,,
4cac6cc1,d0f248a4,e00361ae,,,13/PL30/KS.00.00/2023,,
82791387,d0f248a4,9b55a21a,,,1446/PL31/DN/2023,,
6fe1b34c,d0f248a4,bf3bcb83,,,154/PL37/KS/2023,,
5c4ac587,d0f248a4,42482b89,,,0112/PL14/NK/2023,,
2fd37fc1,d0f248a4,fecd4b8e,,,2501/PL8/KS.00.00/2023,,
968eb516,d0f248a4,0db67a3a,,,027/PL22/KS/2023,,
5964ad43,d0f248a4,c4766c6b,,,1099/PL7/KS/2023,,
2725dfc8,d0f248a4,25a88be1,,,2450/PL20/HK.02.03/2023,,
75654d92,d0f248a4,d3f614c6,,,34156/PL2/HK/2023,,
41a19cef,d0f248a4,7c4f8ad4,,,3040/PL36/KS.00.00/2023,,
5bad03d5,d0f248a4,43941a34,,,1601/PL13.19/PKS-12/2023,,
0d8486cb,d0f248a4,1f2d65d2,,,023/PL28/KS/2023,,
c7c56cc6,d0f248a4,b2ac6a5d,,,1240/PL4.4/KS.00.00/2023,,
df68e911,d0f248a4,6a971c2f,,,1049/PL18/KS/2023,,
2c1f8666,d0f248a4,af475734,,,669/PL24/KS/2023,,
d993a206,d0f248a4,303f3a48,,,2291/PL35/KS/2023,,
a44261cb,d0f248a4,bd367dfe,,,154/PL19/HK.04.00/2023,,
0dd8b145,d0f248a4,e68fddc2,,,2321/PL25/KS/2023,,
f21c63ba,d0f248a4,9a6bd918,,,15/PL40/KS/2023,,
bfcd2b7f,d0f248a4,2f64775f,,,561/PL34/KS.00.00/2023,,
f1e74d86,d0f248a4,995f2fb8,,,B/3180/PL1/KS.00.00/2023,,
79065f4b,d0f248a4,e00f5910,,,0343/PL11/KS/2023,,
1408e6b2,d0f248a4,6ebf6b10,,,118/AK5/KS.00/2023,,
04f153a8,d0f248a4,2473f74b,,,105/PL9/KS.00.00/2023,,
f63bed8b,d0f248a4,d9a1c266,,,0617/PL32/KS/2023,,
da0b66ad,d0f248a4,3da5462e,,,04759/PL6.6.1/MoU/DN/POLSRI/2023,,
473fa082,d0f248a4,4880ebaa,,,2377/PL44/TU/2023,,
7f6c4fd8,d0f248a4,b7a605b4,,,11/PL39/KS/2023,,
a1e0aaf2,d0f248a4,a138b044,,,53/PL10/KS.00.00/MoU2023,,
c2885a4b,d0f248a4,56250757,,,0577/PL26/LP.00.01/2023,,
7286acf5,d0f248a4,b68a2fec,,,0065/PL41/KS.00.00/2023,,
8bfa1a7d,d0f248a4,d71f4c47,,,6779/PL17/KS/2023,,
39eaf95b,d0f248a4,3aa8fa19,,,450.2/AK1/LP.00.01/2023,,
0f3152b8,d0f248a4,987761b0,,,1470.1/AK3/KS.00.00/2023,,
fa761be8,d0f248a4,2f6d0d1e,,,79/AK4/KS.00.00/2023,,
92b873e6,d0f248a4,94f1230d,,,13714/II.2.8/KS.00/12/2023,,
833997c5,d0f248a4,f532322d,,,3043/PL.23/DN/2023,,
b1e2eea6,d0f248a4,4451e82c,,,20844/PL.27/DN/2023,,
f3bd71ee,d0f248a4,1eba2efe,,,86/MOU.PL29/XII/2023,,
a6219335,d0f248a4,6e993be7,,,2732/PL38/KS.00.00/2023,,
aa278797,d0f248a4,36da1a79,,,61/PL42/KS/2023,,
9e6db012,d0f248a4,505e06f2,,,12441/PL.12/KS/2023,,
8b6544cb,d0f248a4,25052765,,,1688/PL21/KS/2023,,
9f8af738,d0f248a4,aeead6ee,,,,,
dab576ac,a2b919d5,48bd2388,,afd608ee,1076B/PPK/BBPSDMP-MDN/KU.01.04/07/2021,,Pejabat Pembuat Komitmen BBPSDMP Kominfo Medan
1de03a3a,bbe6f7a5,87ef3b7c,e65f60ba,dcc7a34f,001/BI.PKS/POLTES/VI/2021,Ketua Program Studi D3 Budidaya Ikan Politeknik Seruyan,Wakil Direktur I Politeknik Seruyan
a690aa52,f863568e,1bde5a49,,96e5adcc,PK-276/140000/10/2021,,Pemimpin Wilayah
b44c8706,9d073993,3829c5ce,d057830a,3b0b5d63,001/II/NK/TKI/2025,Admin,Manager
24fd9352,db37cea8,bf3bcb83,8c62ba3f,2b7d36b8,0175.1/PL37/KS.00.00/2025,Admin BKD,Wakil Direktur III
d1332b20,cc86ca3f,e7e03566,7b6f992e,7b6f992e,003/FarmTG/08/2024,Pimpinan,Pimpinan
17958d12,5e15dd94,b1bfda60,bb079a25,bb079a25,05/Barokah/08/2024,Ketua,Ketua
fdbed78c,f80da0fb,deb408fa,,492ff550,,,President
6053881e,f658c2c4,76a29e09,aebfa1e6,a8c4ded4,028/CommunitySegment/@School/Kal2-PON/VIII/2024,,Branch Manager
907def3d,6f08dbcf,30f54fc4,,b7b7f27c,065/PK-CH/PNP/VIII/2024,,Direktur Utama
0e2b06b3,343c17f4,d10714ba,,706935fd,KJ/WI/0023/11/2024,,Direktur
c2671bd9,e3cb7cc4,4b29144a,,b5a18dea,005/II/MOU/2023,,Ketua
82290aa1,c23988a7,062bfe77,,784f38b8,02/02/MOU/09/2023,,Ketua
b2fc42ad,42b6909a,4716e54e,,17e132f7,002/KEL/MOU/09/2023,,Ketua
66c624f5,bb21f312,59c470d0,,c26c6140,500.51/2272/DKAN/SET,,Kepala
7c1cbbfa,b3ace0a5,965a21f8,,231b1675,UP.02.02/240-61.06/VI/2024,,Kepala
532e512f,c72ee5c9,df0a19e0,,c6f0993b,039/WWF-ID/I.GI.-PJJ-/VII/FY25/2024,,Kepala
53b90d88,eaa2825b,30f54fc4,,b7b7f27c,050/PK-CH/PNP/III/24,,Direktur Utama
a4529910,b53e107e,d10714ba,,4ef76424,KJ/WI/0021/11/2024,,Manajer Operasional
e22c483a,bf228df9,5cfc75de,f1bb0de6,0a227175,001/P3SM-Menanjak/TUK/I/2025,Admin,Ketua
72b8a754,eaf140a9,ae4e4e92,,7278d28c,0167/II.3/AU/F/2025,,Rektor
,,,,,,,
0bd20086,a3a4c0b7,ae4e4e92,c3d5925d,c3d5925d,13040/PL16/KS.00.00/2024,Ketua Program Studi Bioteknologi,Ketua Program Studi Bioteknologi
75b620f3,6787a0a3,8d395d60,3a8e1035,5f5d0e98,AI-DSO/KLT&Fleet/D720/005/I/2025,Admin Service,Kepala Cabang Pontianak
4694526b,5aa12f2d,f29cbbe2,,055e0d69,B-201/In.15/HM.01/01/2025,,Rektor
d09e1f85,268b180b,a4d1e7e1,,ac399fe7,,,Panglima
750e5ef3,9191df65,609c3d2c,a1a9363e,6941c93f,GRASS/PR-HH/III/2025/101,Penasehat Digital dan Monitoring,Penasihat Utama
2667ec60,e9a037a4,5a026554,,3ff1a42a,,,Bupati
2adbd62a,0b753b52,bdbd230a,7b23d034,7b23d034,,Pemilik,Pemilik
a1a785bb,9c0757df,61cf8cdf,7719c1d6,0b850379,067/AIT/VI/2025,Admin,Direktur Utama
e6faa9ec,e2fafe9f,f5e162e9,,,,,
8f19f419,c1283202,f5e162e9,,,,,
299d8271,74d0a273,77a698d8,ddaf1590,89053e7e,55/RRI-ETK/XIX.KJM.02.04/03/2025,Pranata Hubungan Masyarakat RRI Entikong,Kepala
af9410b4,073668ae,858f54aa,,9e6a087a,B.914/BPSPL.2/KS.320/IV/2025,,Kepala
cb487c78,13f3b494,6de1ae15,9c97f479,7c7d364b,309/UPB/E.04/2025,Dosen,Rektor
7af88b2e,c55eb4d4,9ad01bdd,,1f872ae8,,,President
b2fe7010,c55eb4d4,b6006070,,6b1998f7,,,Vice President
a083b51a,75d06338,da5386e5,,,,,
8721e8b2,6341c749,6de1ae15,9c97f479,2d1f291e,151/UPB.II/E.04/2025,Dosen,Dekan Fakultas Teknik
5de79531,01d7b445,81a31150,41c5034d,857a3436,11/KTI/PKS/I/2025,Senior Businees Development Manager,Presiden Direktur
0bf3be82,6b8fc552,23463fb9,85be85f8,edf3eb66,135/PP-MU-IV/2025,Dosen,Pimpinan
4094ae2b,0956fb9a,ed18f08e,,1f16c205,PNK/5/1460/MOU/2025,,Pemimpin Kantor Cabang Pontianak
0f7d9a10,8787e25f,ed18f08e,,1f16c205,PNK/05/224/PKS/2025,,Pemimpin Kantor Cabang Pontianak
9005cb9c,ee0ffb39,f4b54d85,914c3a61,914c3a61,037/GF/MoU/2025,Ketua Umum,Ketua Umum
cc8bec46,641ab151,f4b54d85,,914c3a61,5555/PL16/KS.00.00/2025,,Ketua Umum
4ad4e3b9,3cf9cc80,bdbd230a,,7b23d034,,,Pemilik
48aa9e6d,f1588bf0,94f5a9ff,3fc4b7ce,b0c41335,341/PTK/PKS/V/2025,,Manajer Kantor Cabang Pontianak
105af433,29f8b6dc,94f5a9ff,3fc4b7ce,b0c41335,343/PTK/PKS/V/2025,,Manajer Kantor Cabang Pontianak
990631b8,80a7c2ce,2140f155,,9d463a84,2024-Juli-012,,Komisaris Utama
94ca5b9a,63f10e3a,f452c6b7,,290cbd9b,01/BA/PERUMDAM-SKM/VI/2025,,Direktur
75eb88f1,63f10e3a,5a026554,,2d974f9c,,,Pj. Bupati
f24817c2,d511000e,3f99f995,,240eff62,,,Manager
05685d66,d511000e,5a026554,,2d974f9c,,,Pj. Bupati
9e776eb2,6d0504cf,74ee66a3,e523533a,f8ed5941,73/UN40.F7/HK.00.10/2025,Ketua,Direktur Direktorat Inovasi dan Pusat Unggulan
437c2471,6644d748,f088bf2d,,30b30dbd,4003/387/KEL-KDU/PEMKR,,Lurah
4b4f98d2,1a568720,2140f155,,9d463a84,,,Komisaris Utama
d6dcbced,1b3ef33f,0d74e524,8b4b4493,712c9ef2,L.135/225/R/VI/2025,Sekretaris Humas,Rektor
e6eb60bf,f5521848,f0366c3c,,f1be5a26,13563/C3/KPA/VI/PKS/2025,,Direktur
266f9ad4,2e9208f9,f0366c3c,,3b156fc5,14770/C3.2/BP2.01/VI/SPK/2025,,Pejabat Pembuat Komitmen
ba6f85d8,8fed0945,ae4e4e92,c3d5925d,7278d28c,0167/II.3/AU/F/2025,Ketua Program Studi Bioteknologi,Rektor
213353fa,ea0ecdbd,d26041b8,26d8c6a6,8ebbaea8,MoU/01/Pokja-SRG/8/2025,Sekretaris Kelompok Kerja (Pokja) Sistem Resi Gudang,Kepala Badan Riset dan Teknologi
ba720fe8,1463b96a,7d9133f0,e07eda58,bced5f38,019/CSR MG/VII/2025,Staff CSR,General Manager CSR
0052964c,174febac,7d9133f0,e07eda58,bced5f38,,Staf CSR,General Manager CSR
bdc31678,86013f82,4cbccec4,1ec14335,1ec14335,404/29/Des-SB/Kesra/2025,Kepala Desa,Kepala Desa
b972322d,66117610,7e43cd57,2da1ac55,2da1ac55,003/A/KT.MY/IV/2025,Ketua,Ketua
64fb02ba,0e9f8bb6,c202e1e3,631d1dab,d96d3cd1,,Sekretaris Desa,Kepala
b44e9363,747aa6dc,6f59d213,1c4f1c80,1c4f1c80,008/PKK.SRU/VII/2025,Ketua,Ketua
d7253284,bff7603e,8a62d62a,0ee96778,0ee96778,005/SPK/RB-SGU/VII/2025,Supervisor,Supervisor
e61be7f4,707dcb75,37f88057,d9b26588,d9b26588,7675/UN22.5/PK.02.01/2025,Pembina,Pembina
04b7025e,46caea9c,84dfd0d8,dd48448b,dd48448b,564/001/SMKN.2/VII/2025,Kepala Sekolah,Kepala Sekolah
2e66393e,f9b58cda,b7fe1210,5fe3aff4,5fe3aff4,12/POKDARWIS KB/VII/2025,Ketua,Ketua
88482af1,f5fb13f3,a1bc7f34,f1fdbb0d,f1fdbb0d,421.2/594/14/SMK-1JL/VII/2025,Kepala Sekolah,Kepala Sekolah
0b600de4,b60ad946,8a62d62a,0ee96778,0ee96778,007/SPK/RB-SGU/VII/2025,Supervisor,Supervisor
6a2e04f2,f7cb47a3,8a62d62a,0ee96778,0ee96778,006/SPK/RB-SGU/VII/2025,Supervisor,Supervisor
0fed7bdb,183b47f6,c34cd592,0ff6b1da,0ff6b1da,0025/POKDAKAN-HJ.KS/II/2025,Ketua Kelompok,Ketua Kelompok
e44346ca,dd8f49e8,9cd802f5,e7783cef,b223ee26,021/632/KEL-PK/PEMKR,Kasi Ekbang,Plt. Lurah
f326b14d,4ca7ac34,6693287f,d0af8b65,391a77ef,474/89/pem,Sekretaris Desa,Kepala
28aa76bd,074b7109,e2c295b8,b534bbef,b534bbef,423/038/KES/2025,Kepala Desa Pal IX,Kepala Desa Pal IX
8f04dd8e,fe428c76,f5e162e9,1b8f4b98,e3cee6c2,,HRD,Head Admin & Finance Sub.Dept
38f93250,f2a2dbf1,ba352395,08f340cb,b0b7d960,346/UNOSO/KS/VI/2025,"Dosen Prodi Hukum, Fakultas Hukum",Wakil Rektor Bidang Kerja Sama
abeaeccc,aa0d8431,e57fb977,5612d332,5612d332,051/BLKK.DH/VII/2025,Kepala,Kepala
a17bcc92,b0887d07,8f73aab3,931e9cca,931e9cca,389/Ma.15.8.1/PP.00.6/07/2025,Kepala Sekolah,Kepala Sekolah
fced8363,96bd702d,8f73aab3,931e9cca,931e9cca,B-390/Ma.15.8.1/PP.00.6/07/2025,Kepala Sekolah,Kepala Sekolah
f64103b4,d53cf29e,48cd0bb3,c6b76358,bb50372a,400.10.2.2/161.a/SET,Kepala Dusun Pantura,Kepala Desa
f9c84318,caab060c,80867d3f,,8887da08,23/KOMINFO/BLSDM/HK.04.02/04/2024,,Kepala
40e06c53,9760bcbe,b7a605b4,4f44a1fb,32dc09a9,24/PL39/KS.00/2025,"Sekretaris Wakil Direktur Bidang Kemahasiswaan, Kerjasama dan Sistem Informasi","Wakil Direktur Bidang Kemahasiswaan, Kerjasama dan Sistem Informasi"
f3fd353e,04adab02,4be2f88e,a1c1b5ad,a1c1b5ad,BLD/PKS/VII/2025/1179,Direktur Utama,Direktur Utama
7f90c4d0,ad270b5f,831bd523,5007c734,f0e63681,29/MU-Mart/PP-MU/VII/2025,Anggota Pengurus,Pimpinan
4a09b6ed,a5ef1e40,d631d691,ceacb477,ceacb477,040/PD.BKMT-KKR/B/VIII/2025,Ketua,Ketua
100292b8,ade834c9,683cd066,bc1f702a,bc1f702a,421.2/81/MTs.NF/2025,Kepala Sekolah,Kepala Sekolah
2350df95,4e7211b8,8a62d62a,0ee96778,0ee96778,008/SPK/RB-SGU/VIII/2025,Supervisor,Supervisor
02154a94,96dae91f,33f2e8cc,f616f8ce,7b0e9fd3,400.10.6.5/288/PKS/PM/2025,Ketua Pengurus Masjid At-Taqwa Kelurahan Sagatani Singkawang,Lurah
05c868e9,18bcc26f,9fcd5887,ea5d2c5a,937061fb,421.5/245/SMKN 1-SR/KKR,Wakil Kepala Sekolah,Kepala Sekolah
a9ada57a,18bcc26f,ce693630,ac46c951,3c64a4f2,400.3.8/666/SMKN7PTK,Waka Humas,Kepala Sekolah
67bcbe85,87abecc4,5211bdf4,033f160f,033f160f,045/DIR-SMB/VI/2025,Direktur,Direktur
0c9893f6,8290babe,87964295,3657d2a0,3657d2a0,145/6.1/Pem,Kepala Desa,Kepala Desa
21881c3a,b9a4734f,f472cdd4,739299d4,739299d4,029/E.5/ISLAMIYAH-BNT/VIII/2025,Ketua,Ketua
fd8e434c,51eab461,2f9527bd,56b4ebe2,56b4ebe2,01/BMT.AMM/PKS/VIII/2025,Manager,Manager
9595a248,8fa24388,787c30e2,a1c8e34e,7e46b3cf,,,Deputy General Manager
c74a508e,454a7938,b84f038b,4db3d62b,4db3d62b,09.015/PPA-RJ/VIII/2025,Pengasuh Pondok Pesantren,Pengasuh Pondok Pesantren
ab6678c0,832ea592,aec36076,295ec9e0,295ec9e0,,Penyewa,Penyewa
cf99e456,71f20b1f,65f47e1a,f2b4c592,f2b4c592,,Pengarah DH54 (Memangku),Pengarah DH54 (Memangku)
89497256,29961a19,784607b0,1626ce02,1626ce02,,Kepala,Kepala
2fbeda6e,96a270c5,74adaf9f,d9620952,d9620952,014/MA/VIII/2025,Ketua DKM,Ketua DKM
87815037,39e0d28d,0b86b603,5a2a72af,5a2a72af,002/PP-MA/III/2025,Sekretaris Panitia Pembangunan,Sekretaris Panitia Pembangunan
ee50b672,610b59f5,4be2f88e,a1c1b5ad,a1c1b5ad,BLD/PKS/VII/2025/0001234,Direktur Utama,Direktur Utama
21bc0c63,7a322f5d,b3f7f774,f58ee499,f58ee499,,Ketua,Ketua
68c5ac5a,09074d2b,397b88dc,ac90e7d3,ac90e7d3,135/NPO-AB/7/2025,Ketua,Ketua
16267921,a59150ce,65f47e1a,f2b4c592,f2b4c592,,Pengarah DH54 (Memangku),Pengarah DH54 (Memangku)
81b72c73,cac96fe3,ddbc56d0,4dc5b053,4dc5b053,474/88/Kespel,Kepala Desa,Kepala Desa
261899c5,2f74cdc9,bdbd230a,7b23d034,7b23d034,,Owner,Owner
60ce4e1b,add5c915,bdbd230a,7b23d034,7b23d034,,Owner,Owner
64beedf0,e7aabf43,a1aab970,56b6c003,56b6c003,16/YDH/IV/2025,Ketua,Ketua
21ae6757,1d6bc5f3,65f47e1a,,f2b4c592,,,Director
c6241d10,c97d93c5,65f47e1a,,f2b4c592,,,Director
e8239834,3909607a,65f47e1a,,f2b4c592,,,Director
813e5f52,419dcd04,65f47e1a,,f2b4c592,,,Director
ed6c92fc,3ce00927,65f47e1a,,f2b4c592,,,Director
4d08fcb3,9cb1dc75,65f47e1a,,f2b4c592,,,Director
1a269d20,546db157,d10714ba,4ef76424,4ef76424,KJ/WI/2025/10/0035,Manajer Operasional,Manajer Operasional
7066938c,e53dc634,e95990c5,94c28957,94c28957,071/PP-BM/IX/2025,Kepala,Kepala
3c1d32df,053438a0,4765cb13,94a61c90,94a61c90,400.3.8/762/SMKN 4 PTK/2025,Kepala,Kepala
688c01b3,d89d9cf0,48ef49b8,b6cb1117,0f25f11d,,Kepala Bidang Angkutan Jalan,Kepala
3fd7a95b,324edcf9,8ee525bc,1add8915,1add8915,081/KPT/X/2025,Ketua Pengelola,Ketua Pengelola
ebe6ba0f,a2d6d823,c7d4171d,5493daf4,5493daf4,075/10/HP/2025,Ketua Kelompok Tani,Ketua Kelompok Tani
eb8856a9,8803c46d,c5e363b0,cec49670,b5b64d9b,421.5/810/SMKN1 SK,Guru,Kepala
9eb9fa62,0b105dbd,f6a2f719,73b42907,73b42907,002/LSP-KI/MOU/PKS/IX/2025,Ketua Dewan Pengarah,Ketua Dewan Pengarah
42759904,477bc554,d10714ba,4ef76424,4ef76424,SK/WI/0314/10/2025,Manajer Operasional,Manajer Operasional
ba569faa,2ad8f614,3933b5d9,de8cbcb3,9b702390,9123/UN22.2/KS.00.00/2025,Administrasi,Wakil Dekan Bidang Kemahasiswaan dan Alumni
a9ad94f6,d1511175,2936899e,,d6e33974,HK.201/1/3/DNG.PTK-2025,,Kepala
33be29a4,a1df004f,af5387aa,,9408c4e8,T/375/DINKES/SDK-A.602/XI/2025,,Kuasa Pengguna Anggaran
d5a4064d,a5830113,efd4ff7c,3c5a3781,3c5a3781,273/BC.03/XI/2025,Komisaris,Komisaris
ff09db79,74176fac,3ac69cb2,44f55213,c8232293,B-14/0041/ISS/ISS/XI/2025,Journal Manager ISS,Ketua
1b30bb1c,2dab87a4,3ac69cb2,44f55213,c8232293,B-14/0042/ISS/XI/2025,Journal Manager ISS,Ketua
c626d462,b9b7891c,9fc1d8f5,5d9a5071,baef09be,5922/PL15/HK.02.03/2025,Editor in Chief Jurnal Agro Industri Perkebunan,Direktur
3b0bbfb0,29a1c6bb,9fc1d8f5,5d9a5071,67fd7b80,413/PL15.8/LL/2025,Editor in Chief Jurnal Agro Industri Perkebunan,Kepala Pusat Penelitian dan Pengabdian Masyarakat
899bedb5,3ffac660,e8975488,29d1be15,8b9ff75c,003/12/MARONA-IMA/XII/2025,Direktur Program,Direktur Utama
cda0e8e5,38f5d010,e8975488,29d1be15,8b9ff75c,004/12/MARONA-IMA/XII/2025,Direktur Program,Direktur Utama
09746ade,13d803de,e65d1a50,d32797cb,d32797cb,,Associate Editor,Associate Editor
ba56781d,2570f0b9,9fcd5887,ae896c53,937061fb,421.5/455/SMKN 1-SR/KKR,Guru,Kepala Sekolah
b341d7e3,b497ed53,9fcd5887,ae896c53,937061fb,421.5/456/SMKN 1-SR/KKR,Guru,Kepala Sekolah
58cf986c,1708ed17,6d168546,7294c9d0,30d7c650,04/IV.UPPIAT/2025,Sekretaris Unit,Pemilik
b8c58f69,b6a27356,6d168546,30d7c650,30d7c650,05/IV.UPPIAT/2025,Pemilik,Pemilik
e755e7e0,26eaba7d,f4d3cff8,bcaa241e,a8268e45,002/MOU-CV.AMS/2025,PLP,Direktur Utama
5faf25cc,27c0e941,f4d3cff8,bcaa241e,a8268e45,003/PKS.CV.AMS/2025,PLP,Direktur Utama
ff438520,86563070,de107b53,68333f62,4f7a1603,861/II.3.AU/E/XII/2025,Kepala KUI,Direktur
4fbecda4,31d77343,bcc4772b,4b7918fc,fd6e4e3d,500.10.30/35/BALITBANG/2025,Peneliti Muda,Plt. Kepala
2370f9bb,d4869145,c7120a6d,9583771c,9583771c,422/829/SMKN.1.PMK/2025,Kepala Sekolah,Kepala Sekolah
d579acc9,b88f8193,a1bca0c1,63ca4e5e,3ce9dfc7,11/SL/DSS/X/2025,Manager Regional Kalbar,Direktur
d77449e4,ec0e3d8e,d3f614c6,9f5b204c,e0cf16b8,34716/PL2.4/HK/2025,Manajer ATC,Wakil Direktur IV
01595db1,1f6b63f2,ed18f08e,1f16c205,1f16c205,PNK/05/4521/2025,Pemimpin Kantor Cabang Pontianak,Pemimpin Kantor Cabang Pontianak
8882deeb,edb8f5d4,6555a58a,09f43bd0,bffd1fe4,140/323/PEM,Sekretaris Desa,Kepala Desa
47b9bda5,18277a61,f0366c3c,3b156fc5,3b156fc5,25862/C3.2/BP2.02/IX/SPK/2025,Pejabat Pembuat Komitmen (PPK),Pejabat Pembuat Komitmen (PPK)
54c99072,58fc48ae,ed18f08e,1f16c205,1f16c205,PNK/05/383/2025,Pemimpin Kantor Cabang Pontianak,Pemimpin Kantor Cabang Pontianak
012fd5b5,37a68365,94bfaaeb,5b4b7da1,75440b58,B-7519/Un.22/12/2025,Kepala Pusat Layanan Kerjasama dan International Office.,Rektor
22b63799,5faef386,94bfaaeb,5b4b7da1,87d032fb,7797/Un.22/WR.3/12/2025,Kepala Pusat Layanan Kerjasama dan International Office,"Wakil Rektor Bidang Kemahasiswaan, Alumni dan Kerja Sama"
b95918fe,239d98a7,e6b8fc05,4534264a,4534264a,01/RW03 BL/PKS 2025,Ketua,Ketua
ebe501a2,69ac2739,bf3bcb83,8c62ba3f,9f44f8ed,0030/DST/PL37/KS.00.00/2026,Admin BKD,"Wakil Direktur III Bidang Kemahasiswaan, Alumni, dan Kerja Sama"
3e9c5813,70049dd1,bf3bcb83,8c62ba3f,9f44f8ed,,Admin BKD,"Wakil Direktur III Bidang Kemahasiswaan, Alumni, dan Kerja Sama"
1e7344df,4206607b,b72a7523,2793a896,d7133505,PKS/0001/000104.00/000714/2026,Assistant Manager,Deputy Bisnis Area Pontianak
74a011fc,f126a569,0d74e524,f5adf6ed,12b09dfa,L.135/043/FBSK/PKS/II/2026,Wakil Dekan II FBSK,"Dekan  Fakultas  Bahasa,  Seni,  dan  Kejuruan"
c7fb2e23,339001b3,de107b53,68333f62,4f7a1603,105/II.3.AU/E/II/2026,Kepala KUI,Direktur
abf0bc57,da7618fc,3da5462e,d2538255,a76f7f3f,,Humas,Direktur
a4894804,f2e44274,3da5462e,d2538255,bcd523ef,,Humas,Wakil Direktur IV
f9f9c248,3dc980ed,0d74e524,f5adf6ed,12b09dfa,L.135/044/FBSK/IA/II/2026,Wakil Dekan II FBSK,Dekan Fakultas Pendidikan Bahasa dan Seni
ba44241a,ca544cdd,535ca58c,c30e6fe5,c30e6fe5,28/SPK/MoA/BPQ/III/2026,Wakil Direktur I Bidang Akademik,Wakil Direktur I Bidang Akademik
f868b1f4,04f34ffd,463f0c53,1c293b27,07d0c0ad,PNKDM/MOU/00003/2026,Staf Sales & Marketing,Plh. Pontianak Branch Office
dc16079d,65a01b22,f0c56dc6,9a14e5e3,29c05b90,,,Dekan
500765d8,3b551715,aec36076,295ec9e0,295ec9e0,,Pemilik,Pemilik
12141223,9d49593c,0d74e524,f5adf6ed,12b09dfa,L.135/044/FBSK/IA/II/2026,Wakil Dekan II FBSK,Dekan Fakultas Pendidikan Bahasa dan Seni
7b249374,8f57de83,ffed5319,b87806fb,cf532942,0687/PTK-III/DB-GA/2026,Staf Operasional Junior,Kepala Cabang Pontianak
3e2517e7,f008a3a8,daf2b4a6,2b8ccfd7,9ae3d5c7,,Karyawan,Pemilik
8d4cad50,a0395584,6c240442,65bb9dd5,a92ce8e0,197/Sket - HRGA/THC/IV/2026,Personalia,HRGA Kalimantan Barat
fe61dc14,f3b53e6c,e22116ad,eeaa0b36,eeaa0b36,,Ketua,Ketua
0444cac6,06be2cfa,e22116ad,eeaa0b36,eeaa0b36,,Ketua,Ketua
3377ca6d,3002d7e9,cb6feedb,,,,,
a35797a7,fe502d06,cb6feedb,,,,,
378c9195,a1caaef8,6cfb1f38,dddfe3cc,e5768bc6,,Bagian Tata Pemerintahan Setda Kota Pontianak,Wali Kota Pontianak
315a9fc7,87c776cf,ed18f08e,,1f16c205,PNK/05/383/2025,,Pemimpin Cabang Pontianak
9706d06a,a6a50de1,2e36e42a,e93967df,955024d2,85.STIKES.PB.TU.01.04/2026,Ka. Kerja Sama,Ketua
f6866099,17eba57c,2e36e42a,e93967df,955024d2,,Ka. Kerja Sama,Ketua
3c7fbd6a,8d3f3254,6c240442,65bb9dd5,a92ce8e0,,HR,HRGA Kalimantan Barat
6e7105fc,ef81864d,091e676e,914c3a61,914c3a61,,Founder & Executive Director,Founder & Executive Director